"1","audio","2018-05-17T19:14:14.418Z","2018-05-17T19:14:14.049Z","2018-05-17T19:14:14.388Z","2018-05-17T19:14:14.401Z","67384","1.9619791666667","0","33.434","5183.3846153846","1"
"2","audio","2018-05-17T19:14:14.524Z","2018-05-17T19:14:14.337Z","2018-05-17T19:14:14.453Z","2018-05-17T19:14:14.491Z","65272","1.9619791666667","0","33.434","1717.6842105263","1"
"3","video","2018-05-17T19:14:14.378Z","2018-05-17T19:14:13.861Z","2018-05-17T19:14:14.012Z","2018-05-17T19:14:14.371Z","3245912","2","0","1046.778","9041.5376044568","2"
"4","audio","2018-05-17T19:14:14.910Z","2018-05-17T19:14:14.798Z","2018-05-17T19:14:14.886Z","2018-05-17T19:14:14.901Z","65880","1.9619791666667","0","33.434","4392","1"
"5","video","2018-05-17T19:14:14.677Z","2018-05-17T19:14:14.324Z","2018-05-17T19:14:14.425Z","2018-05-17T19:14:14.658Z","2201368","2","0","1046.778","9447.9313304721","2"
"6","audio","2018-05-17T19:14:15.255Z","2018-05-17T19:14:15.153Z","2018-05-17T19:14:15.235Z","2018-05-17T19:14:15.248Z","65232","1.9619791666667","0","33.434","5017.8461538462","1"
"7","video","2018-05-17T19:14:15.232Z","2018-05-17T19:14:14.917Z","2018-05-17T19:14:14.983Z","2018-05-17T19:14:15.217Z","2362584","2","0","1046.778","10096.512820513","2"
"8","audio","2018-05-17T19:14:15.530Z","2018-05-17T19:14:15.423Z","2018-05-17T19:14:15.521Z","2018-05-17T19:14:15.526Z","65584","1.9619791666667","0","33.434","13116.8","1"
"9","video","2018-05-17T19:14:15.472Z","2018-05-17T19:14:15.181Z","2018-05-17T19:14:15.259Z","2018-05-17T19:14:15.460Z","2180184","2","0","1046.778","10846.686567164","2"
"10","audio","2018-05-17T19:14:15.628Z","2018-05-17T19:14:15.507Z","2018-05-17T19:14:15.591Z","2018-05-17T19:14:15.619Z","65544","1.9619791666667","0","33.434","2340.8571428571","1"
"11","video","2018-05-17T19:14:15.875Z","2018-05-17T19:14:15.502Z","2018-05-17T19:14:15.599Z","2018-05-17T19:14:15.872Z","2367560","2","0","1046.778","8672.380952381","2"
"12","audio","2018-05-17T19:14:16.292Z","2018-05-17T19:14:16.197Z","2018-05-17T19:14:16.276Z","2018-05-17T19:14:16.288Z","65416","1.9619791666667","0","33.434","5451.3333333333","1"
"13","video","2018-05-17T19:14:16.224Z","2018-05-17T19:14:15.843Z","2018-05-17T19:14:15.880Z","2018-05-17T19:14:16.215Z","2294840","2","0","1046.778","6850.2686567164","2"
"14","audio","2018-05-17T19:14:19.152Z","2018-05-17T19:14:18.905Z","2018-05-17T19:14:19.042Z","2018-05-17T19:14:19.063Z","65624","1.9619791666667","0","33.434","3124.9523809524","1"
"15","video","2018-05-17T19:14:16.471Z","2018-05-17T19:14:16.185Z","2018-05-17T19:14:16.226Z","2018-05-17T19:14:16.459Z","1940344","2","0","1046.778","8327.6566523605","2"
"16","audio","2018-05-17T19:14:19.999Z","2018-05-17T19:14:19.548Z","2018-05-17T19:14:19.850Z","2018-05-17T19:14:19.984Z","65680","1.9619791666667","0","33.434","490.14925373134","1"
"17","video","2018-05-17T19:14:16.980Z","2018-05-17T19:14:16.588Z","2018-05-17T19:14:16.705Z","2018-05-17T19:14:16.956Z","1859056","2","0","1046.778","7406.5976095618","2"
"18","audio","2018-05-17T19:14:20.353Z","2018-05-17T19:14:20.139Z","2018-05-17T19:14:20.316Z","2018-05-17T19:14:20.336Z","65616","1.9619791666667","0","33.434","3280.8","1"
"19","video","2018-05-17T19:14:19.432Z","2018-05-17T19:14:18.892Z","2018-05-17T19:14:18.939Z","2018-05-17T19:14:19.238Z","1611680","2","1","1950.145","5390.2341137124","2"
"20","audio","2018-05-17T19:14:20.971Z","2018-05-17T19:14:20.653Z","2018-05-17T19:14:20.955Z","2018-05-17T19:14:20.959Z","65840","1.9619791666667","0","33.434","16460","1"
"21","video","2018-05-17T19:14:20.137Z","2018-05-17T19:14:19.631Z","2018-05-17T19:14:20.121Z","2018-05-17T19:14:20.132Z","1714616","2","1","1950.145","155874.18181818","2"
"22","audio","2018-05-17T19:14:21.635Z","2018-05-17T19:14:21.198Z","2018-05-17T19:14:21.609Z","2018-05-17T19:14:21.626Z","65736","1.9619791666667","0","33.434","3866.8235294118","1"
"23","video","2018-05-17T19:14:20.979Z","2018-05-17T19:14:20.469Z","2018-05-17T19:14:20.659Z","2018-05-17T19:14:20.977Z","2545464","2","1","1950.145","8004.6037735849","2"
"24","audio","2018-05-17T19:14:21.918Z","2018-05-17T19:14:21.726Z","2018-05-17T19:14:21.810Z","2018-05-17T19:14:21.909Z","65416","1.9619791666667","0","33.434","660.76767676768","1"
"25","video","2018-05-17T19:14:21.840Z","2018-05-17T19:14:21.295Z","2018-05-17T19:14:21.645Z","2018-05-17T19:14:21.827Z","4891072","2","1","1950.145","26874.021978022","2"
"26","audio","2018-05-17T19:14:22.766Z","2018-05-17T19:14:22.211Z","2018-05-17T19:14:22.468Z","2018-05-17T19:14:22.758Z","65496","1.9619791666667","0","33.434","225.84827586207","1"
"27","video","2018-05-17T19:14:23.078Z","2018-05-17T19:14:21.804Z","2018-05-17T19:14:22.100Z","2018-05-17T19:14:23.028Z","7575584","2","2","3893.089","8163.3448275862","2"
"28","audio","2018-05-17T19:14:23.216Z","2018-05-17T19:14:22.792Z","2018-05-17T19:14:23.172Z","2018-05-17T19:14:23.212Z","65936","1.9619791666667","0","33.434","1648.4","1"
"29","video","2018-05-17T19:14:24.023Z","2018-05-17T19:14:22.444Z","2018-05-17T19:14:22.782Z","2018-05-17T19:14:23.993Z","10038720","2","2","3893.089","8289.6118909992","2"
"30","audio","2018-05-17T19:14:23.387Z","2018-05-17T19:14:23.167Z","2018-05-17T19:14:23.303Z","2018-05-17T19:14:23.382Z","65312","1.9619791666667","0","33.434","826.73417721519","1"
"31","video","2018-05-17T19:14:24.660Z","2018-05-17T19:14:23.161Z","2018-05-17T19:14:23.305Z","2018-05-17T19:14:24.652Z","8280592","2","2","3893.089","6147.43281366","2"
"32","audio","2018-05-17T19:14:34.363Z","2018-05-17T19:14:34.280Z","2018-05-17T19:14:34.356Z","2018-05-17T19:14:34.361Z","65632","1.9619791666667","0","33.434","13126.4","1"
"33","video","2018-05-17T19:14:27.103Z","2018-05-17T19:14:26.155Z","2018-05-17T19:14:26.217Z","2018-05-17T19:14:27.092Z","8253168","2","2","3893.089","9432.192","2"
"34","audio","2018-05-17T19:14:36.350Z","2018-05-17T19:14:36.189Z","2018-05-17T19:14:36.276Z","2018-05-17T19:14:36.332Z","65952","1.9619791666667","0","33.434","1177.7142857143","1"
"35","video","2018-05-17T19:14:29.014Z","2018-05-17T19:14:27.501Z","2018-05-17T19:14:27.536Z","2018-05-17T19:14:29.010Z","7558920","2","2","3893.089","5128.1682496608","2"
"36","audio","2018-05-17T19:14:36.803Z","2018-05-17T19:14:36.489Z","2018-05-17T19:14:36.673Z","2018-05-17T19:14:36.744Z","65176","1.9619791666667","0","33.434","917.97183098592","1"
"37","video","2018-05-17T19:14:29.344Z","2018-05-17T19:14:27.521Z","2018-05-17T19:14:27.604Z","2018-05-17T19:14:29.299Z","8887328","2","2","3893.089","5243.2613569322","2"
"38","audio","2018-05-17T19:14:37.161Z","2018-05-17T19:14:36.842Z","2018-05-17T19:14:37.104Z","2018-05-17T19:14:37.141Z","65368","1.9619791666667","0","33.434","1766.7027027027","1"
"39","video","2018-05-17T19:14:32.554Z","2018-05-17T19:14:31.296Z","2018-05-17T19:14:31.342Z","2018-05-17T19:14:32.551Z","7013704","2","2","3893.089","5801.2440033085","2"
"40","audio","2018-05-17T19:14:37.527Z","2018-05-17T19:14:37.493Z","2018-05-17T19:14:37.519Z","2018-05-17T19:14:37.523Z","65928","1.9619791666667","0","33.434","16482","1"
"41","video","2018-05-17T19:14:33.015Z","2018-05-17T19:14:31.315Z","2018-05-17T19:14:31.457Z","2018-05-17T19:14:33.013Z","8392816","2","2","3893.089","5393.8406169666","2"
"42","audio","2018-05-17T19:14:37.982Z","2018-05-17T19:14:37.800Z","2018-05-17T19:14:37.888Z","2018-05-17T19:14:37.977Z","65600","1.9619791666667","0","33.434","737.07865168539","1"
"43","video","2018-05-17T19:14:33.175Z","2018-05-17T19:14:33.039Z","2018-05-17T19:14:33.088Z","2018-05-17T19:14:33.173Z","8392816","2","2","3893.089","98739.011764706","2"
"44","audio","2018-05-17T19:14:38.286Z","2018-05-17T19:14:38.133Z","2018-05-17T19:14:38.240Z","2018-05-17T19:14:38.261Z","65704","1.9619791666667","0","33.434","3128.7619047619","1"
"45","video","2018-05-17T19:14:34.101Z","2018-05-17T19:14:33.659Z","2018-05-17T19:14:33.692Z","2018-05-17T19:14:34.098Z","3315896","2","0","1046.778","8167.2315270936","2"
"46","audio","2018-05-17T19:14:41.254Z","2018-05-17T19:14:41.149Z","2018-05-17T19:14:41.240Z","2018-05-17T19:14:41.247Z","65368","1.9619791666667","0","33.434","9338.2857142857","1"
"47","video","2018-05-17T19:14:34.350Z","2018-05-17T19:14:33.927Z","2018-05-17T19:14:34.110Z","2018-05-17T19:14:34.333Z","2399192","2","0","1046.778","10758.708520179","2"
"48","audio","2018-05-17T19:14:42.385Z","2018-05-17T19:14:41.736Z","2018-05-17T19:14:42.052Z","2018-05-17T19:14:42.341Z","65976","1.9619791666667","0","33.434","228.29065743945","1"
"49","video","2018-05-17T19:14:34.797Z","2018-05-17T19:14:34.601Z","2018-05-17T19:14:34.655Z","2018-05-17T19:14:34.790Z","1256384","2","0","1046.778","9306.5481481481","2"
"50","audio","2018-05-17T19:14:42.597Z","2018-05-17T19:14:42.248Z","2018-05-17T19:14:42.558Z","2018-05-17T19:14:42.595Z","65648","1.9619791666667","0","33.434","1774.2702702703","1"
"51","video","2018-05-17T19:14:36.720Z","2018-05-17T19:14:36.184Z","2018-05-17T19:14:36.209Z","2018-05-17T19:14:36.717Z","3200720","2","1","1950.145","6300.6299212598","2"
"52","audio","2018-05-17T19:14:43.943Z","2018-05-17T19:14:43.699Z","2018-05-17T19:14:43.915Z","2018-05-17T19:14:43.927Z","65256","1.9619791666667","0","33.434","5438","1"
"53","video","2018-05-17T19:14:37.078Z","2018-05-17T19:14:36.558Z","2018-05-17T19:14:36.683Z","2018-05-17T19:14:37.074Z","3735104","2","1","1950.145","9552.6956521739","2"
"54","audio","2018-05-17T19:14:45.718Z","2018-05-17T19:14:45.281Z","2018-05-17T19:14:45.672Z","2018-05-17T19:14:45.678Z","65280","1.9619791666667","0","33.434","10880","1"
"55","video","2018-05-17T19:14:37.395Z","2018-05-17T19:14:36.983Z","2018-05-17T19:14:37.130Z","2018-05-17T19:14:37.389Z","3138312","2","1","1950.145","12117.034749035","2"
"56","audio","2018-05-17T19:14:53.645Z","2018-05-17T19:14:53.583Z","2018-05-17T19:14:53.607Z","2018-05-17T19:14:53.636Z","65840","1.9619791666667","0","33.434","2270.3448275862","1"
"57","video","2018-05-17T19:14:37.955Z","2018-05-17T19:14:37.531Z","2018-05-17T19:14:37.601Z","2018-05-17T19:14:37.951Z","3054232","2","1","1950.145","8726.3771428571","2"
"58","audio","2018-05-17T19:14:53.728Z","2018-05-17T19:14:53.675Z","2018-05-17T19:14:53.712Z","2018-05-17T19:14:53.724Z","65280","1.9619791666667","0","33.434","5440","1"
"59","video","2018-05-17T19:14:38.255Z","2018-05-17T19:14:37.833Z","2018-05-17T19:14:38.014Z","2018-05-17T19:14:38.248Z","3258088","2","1","1950.145","13923.452991453","2"
"60","audio","2018-05-17T19:14:53.787Z","2018-05-17T19:14:53.739Z","2018-05-17T19:14:53.772Z","2018-05-17T19:14:53.781Z","66152","1.9619791666667","0","33.434","7350.2222222222","1"
"61","video","2018-05-17T19:14:38.845Z","2018-05-17T19:14:38.293Z","2018-05-17T19:14:38.343Z","2018-05-17T19:14:38.842Z","4814720","2","1","1950.145","9648.7374749499","2"
"62","audio","2018-05-17T19:14:53.920Z","2018-05-17T19:14:53.864Z","2018-05-17T19:14:53.913Z","2018-05-17T19:14:53.918Z","65352","1.9619791666667","0","33.434","13070.4","1"
"63","video","2018-05-17T19:14:41.902Z","2018-05-17T19:14:41.138Z","2018-05-17T19:14:41.206Z","2018-05-17T19:14:41.889Z","4788952","2","1","1950.145","7011.6427525622","2"
"64","audio","2018-05-17T19:14:54.001Z","2018-05-17T19:14:53.927Z","2018-05-17T19:14:53.992Z","2018-05-17T19:14:53.998Z","65480","1.9619791666667","0","33.434","10913.333333333","1"
"65","video","2018-05-17T19:14:42.619Z","2018-05-17T19:14:41.721Z","2018-05-17T19:14:41.936Z","2018-05-17T19:14:42.615Z","7356352","2","2","3893.089","10834.097201767","2"
"66","audio","2018-05-17T19:14:55.849Z","2018-05-17T19:14:55.638Z","2018-05-17T19:14:55.726Z","2018-05-17T19:14:55.842Z","66024","1.9619791666667","0","33.434","569.1724137931","1"
"67","video","2018-05-17T19:14:43.767Z","2018-05-17T19:14:42.169Z","2018-05-17T19:14:42.538Z","2018-05-17T19:14:43.765Z","9056208","2","2","3893.089","7380.7726161369","2"
"68","audio","2018-05-17T19:15:03.700Z","2018-05-17T19:15:03.584Z","2018-05-17T19:15:03.596Z","2018-05-17T19:15:03.612Z","64880","1.9619791666667","0","33.434","4055","1"
"69","video","2018-05-17T19:14:44.715Z","2018-05-17T19:14:42.872Z","2018-05-17T19:14:43.107Z","2018-05-17T19:14:44.664Z","8483904","2","2","3893.089","5448.8786127168","2"
"70","audio","2018-05-17T19:15:03.807Z","2018-05-17T19:15:03.717Z","2018-05-17T19:15:03.744Z","2018-05-17T19:15:03.775Z","65792","1.9619791666667","0","33.434","2122.3225806452","1"
"71","video","2018-05-17T19:14:45.376Z","2018-05-17T19:14:43.799Z","2018-05-17T19:14:44.021Z","2018-05-17T19:14:45.364Z","6905384","2","2","3893.089","5141.7602382725","2"
"72","audio","2018-05-17T19:15:03.919Z","2018-05-17T19:15:03.739Z","2018-05-17T19:15:03.848Z","2018-05-17T19:15:03.895Z","65784","1.9619791666667","0","33.434","1399.6595744681","1"
"73","video","2018-05-17T19:14:46.495Z","2018-05-17T19:14:45.216Z","2018-05-17T19:14:45.379Z","2018-05-17T19:14:46.485Z","9253960","2","2","3893.089","8367.0524412297","2"
"74","audio","2018-05-17T19:15:04.558Z","2018-05-17T19:15:04.102Z","2018-05-17T19:15:04.408Z","2018-05-17T19:15:04.551Z","65320","1.9619791666667","0","33.434","456.78321678322","1"
"75","video","2018-05-17T19:14:46.534Z","2018-05-17T19:14:45.408Z","2018-05-17T19:14:45.789Z","2018-05-17T19:14:46.530Z","2361496","2","2","3893.089","3186.9041835358","2"
"76","audio","2018-05-17T19:15:07.579Z","2018-05-17T19:15:06.980Z","2018-05-17T19:15:07.564Z","2018-05-17T19:15:07.577Z","65272","1.9619791666667","0","33.434","5020.9230769231","1"
"77","video","2018-05-17T19:14:48.978Z","2018-05-17T19:14:48.629Z","2018-05-17T19:14:48.663Z","2018-05-17T19:14:48.968Z","2937240","2","2","3893.089","9630.2950819672","2"
"78","audio","2018-05-17T19:15:07.891Z","2018-05-17T19:15:07.725Z","2018-05-17T19:15:07.842Z","2018-05-17T19:15:07.879Z","65408","1.9619791666667","0","33.434","1767.7837837838","1"
"79","video","2018-05-17T19:14:51.643Z","2018-05-17T19:14:49.370Z","2018-05-17T19:14:49.460Z","2018-05-17T19:14:51.616Z","5646640","2","2","3893.089","2619.0352504638","2"
"80","audio","2018-05-17T19:15:11.466Z","2018-05-17T19:15:11.289Z","2018-05-17T19:15:11.441Z","2018-05-17T19:15:11.453Z","65968","1.9619791666667","0","33.434","5497.3333333333","1"
"81","video","2018-05-17T19:14:51.729Z","2018-05-17T19:14:49.376Z","2018-05-17T19:14:50.076Z","2018-05-17T19:14:51.727Z","8079904","2","2","3893.089","4893.9454875833","2"
"82","audio","2018-05-17T19:15:18.956Z","2018-05-17T19:15:18.800Z","2018-05-17T19:15:18.854Z","2018-05-17T19:15:18.931Z","65720","1.9619791666667","0","33.434","853.50649350649","1"
"83","video","2018-05-17T19:14:54.973Z","2018-05-17T19:14:53.982Z","2018-05-17T19:14:54.026Z","2018-05-17T19:14:54.948Z","8064392","2","2","3893.089","8746.6290672451","2"
"84","audio","2018-05-17T19:15:18.974Z","2018-05-17T19:15:18.819Z","2018-05-17T19:15:18.959Z","2018-05-17T19:15:18.967Z","66344","1.9619791666667","0","33.434","8293","1"
"85","video","2018-05-17T19:14:56.880Z","2018-05-17T19:14:55.674Z","2018-05-17T19:14:55.853Z","2018-05-17T19:14:56.857Z","10264592","2","2","3893.089","10223.697211155","2"
"86","audio","2018-05-17T19:15:19.498Z","2018-05-17T19:15:19.128Z","2018-05-17T19:15:19.477Z","2018-05-17T19:15:19.493Z","64760","1.9619791666667","0","33.434","4047.5","1"
"87","video","2018-05-17T19:14:59.783Z","2018-05-17T19:14:58.683Z","2018-05-17T19:14:58.704Z","2018-05-17T19:14:59.751Z","9187056","2","2","3893.089","8774.6475644699","2"
"88","audio","2018-05-17T19:15:20.607Z","2018-05-17T19:15:20.106Z","2018-05-17T19:15:20.484Z","2018-05-17T19:15:20.506Z","65488","1.9619791666667","0","33.434","2976.7272727273","1"
"89","video","2018-05-17T19:15:00.501Z","2018-05-17T19:14:59.787Z","2018-05-17T19:14:59.889Z","2018-05-17T19:15:00.475Z","5621064","2","2","3893.089","9592.2593856655","2"
"90","audio","2018-05-17T19:15:23.898Z","2018-05-17T19:15:23.676Z","2018-05-17T19:15:23.766Z","2018-05-17T19:15:23.809Z","65752","1.9619791666667","0","33.434","1529.1162790698","1"
"91","video","2018-05-17T19:15:05.497Z","2018-05-17T19:15:04.567Z","2018-05-17T19:15:04.642Z","2018-05-17T19:15:05.484Z","7053184","2","2","3893.089","8376.703087886","2"
"92","audio","2018-05-17T19:15:31.213Z","2018-05-17T19:15:31.149Z","2018-05-17T19:15:31.175Z","2018-05-17T19:15:31.195Z","65472","1.9619791666667","0","33.434","3273.6","1"
"93","video","2018-05-17T19:15:07.636Z","2018-05-17T19:15:05.283Z","2018-05-17T19:15:05.415Z","2018-05-17T19:15:07.633Z","8565376","2","2","3893.089","3861.7565374211","2"
"94","audio","2018-05-17T19:15:31.284Z","2018-05-17T19:15:31.240Z","2018-05-17T19:15:31.272Z","2018-05-17T19:15:31.278Z","66024","1.9619791666667","0","33.434","11004","1"
"95","video","2018-05-17T19:15:08.474Z","2018-05-17T19:15:06.914Z","2018-05-17T19:15:07.558Z","2018-05-17T19:15:08.472Z","9570272","2","2","3893.089","10470.757111597","2"
"96","audio","2018-05-17T19:15:31.365Z","2018-05-17T19:15:31.292Z","2018-05-17T19:15:31.300Z","2018-05-17T19:15:31.363Z","65456","1.9619791666667","0","33.434","1038.9841269841","1"
"97","video","2018-05-17T19:15:09.362Z","2018-05-17T19:15:07.754Z","2018-05-17T19:15:07.937Z","2018-05-17T19:15:09.356Z","10329208","2","2","3893.089","7279.2163495419","2"
"98","audio","2018-05-17T19:15:31.399Z","2018-05-17T19:15:31.340Z","2018-05-17T19:15:31.370Z","2018-05-17T19:15:31.395Z","65408","1.9619791666667","0","33.434","2616.32","1"
"99","video","2018-05-17T19:15:12.399Z","2018-05-17T19:15:11.238Z","2018-05-17T19:15:11.390Z","2018-05-17T19:15:12.359Z","6843704","2","2","3893.089","7062.6460268318","2"
"100","audio","2018-05-17T19:15:36.720Z","2018-05-17T19:15:36.365Z","2018-05-17T19:15:36.673Z","2018-05-17T19:15:36.699Z","65936","1.9619791666667","0","33.434","2536","1"
"101","video","2018-05-17T19:15:14.346Z","2018-05-17T19:15:12.770Z","2018-05-17T19:15:13.035Z","2018-05-17T19:15:14.326Z","8683424","2","2","3893.089","6726.1223857475","2"
"102","audio","2018-05-17T19:15:37.517Z","2018-05-17T19:15:37.475Z","2018-05-17T19:15:37.495Z","2018-05-17T19:15:37.506Z","65816","1.9619791666667","0","33.434","5983.2727272727","1"
"103","video","2018-05-17T19:15:14.445Z","2018-05-17T19:15:12.989Z","2018-05-17T19:15:13.535Z","2018-05-17T19:15:14.441Z","2988528","2","2","3893.089","3298.5960264901","2"
"104","audio","2018-05-17T19:15:37.592Z","2018-05-17T19:15:37.534Z","2018-05-17T19:15:37.545Z","2018-05-17T19:15:37.569Z","64896","1.9619791666667","0","33.434","2704","1"
"105","video","2018-05-17T19:15:19.926Z","2018-05-17T19:15:19.101Z","2018-05-17T19:15:19.171Z","2018-05-17T19:15:19.913Z","6761024","2","2","3893.089","9111.8921832884","2"
"106","audio","2018-05-17T19:15:37.656Z","2018-05-17T19:15:37.604Z","2018-05-17T19:15:37.647Z","2018-05-17T19:15:37.654Z","65960","1.9619791666667","0","33.434","9422.8571428571","1"
"107","video","2018-05-17T19:15:21.635Z","2018-05-17T19:15:20.370Z","2018-05-17T19:15:20.668Z","2018-05-17T19:15:21.633Z","5888904","2","2","3893.089","6102.4911917098","2"
"108","audio","2018-05-17T19:15:39.149Z","2018-05-17T19:15:39.027Z","2018-05-17T19:15:39.100Z","2018-05-17T19:15:39.136Z","65296","1.9619791666667","0","33.434","1813.7777777778","1"
"109","video","2018-05-17T19:15:24.842Z","2018-05-17T19:15:23.673Z","2018-05-17T19:15:23.709Z","2018-05-17T19:15:24.837Z","9406944","2","2","3893.089","8339.4893617021","2"
"110","audio","2018-05-17T19:15:41.580Z","2018-05-17T19:15:41.282Z","2018-05-17T19:15:41.500Z","2018-05-17T19:15:41.537Z","66064","1.9619791666667","0","33.434","1785.5135135135","1"
"111","video","2018-05-17T19:15:25.438Z","2018-05-17T19:15:24.741Z","2018-05-17T19:15:24.882Z","2018-05-17T19:15:25.391Z","4414888","2","2","3893.089","8673.6502946955","2"
"112","audio","2018-05-17T19:15:43.734Z","2018-05-17T19:15:43.646Z","2018-05-17T19:15:43.712Z","2018-05-17T19:15:43.720Z","65336","1.9619791666667","0","33.434","8167","1"
"113","video","2018-05-17T19:15:27.374Z","2018-05-17T19:15:25.865Z","2018-05-17T19:15:26.054Z","2018-05-17T19:15:27.357Z","6657768","2","2","3893.089","5109.5686876439","2"
"114","audio","2018-05-17T19:15:46.338Z","2018-05-17T19:15:46.192Z","2018-05-17T19:15:46.311Z","2018-05-17T19:15:46.336Z","65512","1.9619791666667","0","33.434","2620.48","1"
"115","video","2018-05-17T19:15:32.356Z","2018-05-17T19:15:31.381Z","2018-05-17T19:15:31.477Z","2018-05-17T19:15:32.348Z","8935040","2","2","3893.089","10258.369690011","2"
"116","audio","2018-05-17T19:15:47.483Z","2018-05-17T19:15:47.282Z","2018-05-17T19:15:47.406Z","2018-05-17T19:15:47.440Z","65824","1.9619791666667","0","33.434","1936","1"
"117","video","2018-05-17T19:15:33.529Z","2018-05-17T19:15:32.690Z","2018-05-17T19:15:32.758Z","2018-05-17T19:15:33.523Z","6935440","2","2","3893.089","9065.9346405229","2"
"118","audio","2018-05-17T19:15:48.766Z","2018-05-17T19:15:48.655Z","2018-05-17T19:15:48.730Z","2018-05-17T19:15:48.763Z","65208","1.9619791666667","0","33.434","1976","1"
"119","video","2018-05-17T19:15:34.811Z","2018-05-17T19:15:33.685Z","2018-05-17T19:15:33.708Z","2018-05-17T19:15:34.809Z","9611528","2","2","3893.089","8729.8165304269","2"
"120","audio","2018-05-17T19:15:51.569Z","2018-05-17T19:15:51.228Z","2018-05-17T19:15:51.540Z","2018-05-17T19:15:51.566Z","66056","1.9619791666667","0","33.434","2540.6153846154","1"
"121","video","2018-05-17T19:15:35.805Z","2018-05-17T19:15:34.474Z","2018-05-17T19:15:34.624Z","2018-05-17T19:15:35.758Z","7512168","2","2","3893.089","6624.4867724868","2"
"122","audio","2018-05-17T19:15:56.591Z","2018-05-17T19:15:56.371Z","2018-05-17T19:15:56.460Z","2018-05-17T19:15:56.587Z","65432","1.9619791666667","0","33.434","515.2125984252","1"
"123","video","2018-05-17T19:15:37.286Z","2018-05-17T19:15:36.341Z","2018-05-17T19:15:36.457Z","2018-05-17T19:15:37.283Z","8376368","2","2","3893.089","10140.881355932","2"
"124","audio","2018-05-17T19:15:57.428Z","2018-05-17T19:15:57.241Z","2018-05-17T19:15:57.357Z","2018-05-17T19:15:57.416Z","65568","1.9619791666667","0","33.434","1111.3220338983","1"
"125","video","2018-05-17T19:15:39.933Z","2018-05-17T19:15:39.011Z","2018-05-17T19:15:39.053Z","2018-05-17T19:15:39.903Z","7744336","2","2","3893.089","9110.9835294118","2"
"126","audio","2018-05-17T19:15:57.766Z","2018-05-17T19:15:57.521Z","2018-05-17T19:15:57.705Z","2018-05-17T19:15:57.755Z","65344","1.9619791666667","0","33.434","1306.88","1"
"127","video","2018-05-17T19:15:42.257Z","2018-05-17T19:15:41.275Z","2018-05-17T19:15:41.412Z","2018-05-17T19:15:42.248Z","8330872","2","2","3893.089","9965.1578947368","2"
"128","audio","2018-05-17T19:15:59.454Z","2018-05-17T19:15:59.149Z","2018-05-17T19:15:59.249Z","2018-05-17T19:15:59.403Z","66440","1.9619791666667","0","33.434","431.42857142857","1"
"129","video","2018-05-17T19:15:44.445Z","2018-05-17T19:15:43.641Z","2018-05-17T19:15:43.679Z","2018-05-17T19:15:44.443Z","7019816","2","2","3893.089","9188.2408376963","2"
"130","audio","2018-05-17T19:16:01.323Z","2018-05-17T19:16:01.213Z","2018-05-17T19:16:01.275Z","2018-05-17T19:16:01.318Z","65392","1.9619791666667","0","33.434","1520.7441860465","1"
"131","video","2018-05-17T19:15:45.812Z","2018-05-17T19:15:44.611Z","2018-05-17T19:15:44.705Z","2018-05-17T19:15:45.806Z","9114880","2","2","3893.089","8278.7284287012","2"
"132","audio","2018-05-17T19:16:02.450Z","2018-05-17T19:16:02.344Z","2018-05-17T19:16:02.444Z","2018-05-17T19:16:02.447Z","64824","1.9619791666667","0","33.434","21608","1"
"133","video","2018-05-17T19:15:47.002Z","2018-05-17T19:15:46.179Z","2018-05-17T19:15:46.211Z","2018-05-17T19:15:46.999Z","7270224","2","2","3893.089","9226.1725888325","2"
"134","audio","2018-05-17T19:16:03.958Z","2018-05-17T19:16:03.854Z","2018-05-17T19:16:03.945Z","2018-05-17T19:16:03.955Z","65912","1.9619791666667","0","33.434","6591.2","1"
"135","video","2018-05-17T19:15:48.371Z","2018-05-17T19:15:47.486Z","2018-05-17T19:15:47.595Z","2018-05-17T19:15:48.367Z","8020224","2","2","3893.089","10388.89119171","2"
"136","audio","2018-05-17T19:16:12.189Z","2018-05-17T19:16:11.528Z","2018-05-17T19:16:12.094Z","2018-05-17T19:16:12.158Z","65720","1.9619791666667","0","33.434","1026.875","1"
"137","video","2018-05-17T19:15:49.868Z","2018-05-17T19:15:48.651Z","2018-05-17T19:15:48.695Z","2018-05-17T19:15:49.834Z","9751544","2","2","3893.089","8561.4960491659","2"
"138","audio","2018-05-17T19:16:13.362Z","2018-05-17T19:16:12.750Z","2018-05-17T19:16:13.285Z","2018-05-17T19:16:13.334Z","65392","1.9619791666667","0","33.434","1334.5306122449","1"
"139","video","2018-05-17T19:15:52.081Z","2018-05-17T19:15:51.218Z","2018-05-17T19:15:51.281Z","2018-05-17T19:15:52.077Z","7309360","2","2","3893.089","9182.6130653266","2"
"140","audio","2018-05-17T19:16:14.335Z","2018-05-17T19:16:13.796Z","2018-05-17T19:16:14.270Z","2018-05-17T19:16:14.316Z","66040","1.9619791666667","0","33.434","1435.652173913","1"
"141","video","2018-05-17T19:15:54.566Z","2018-05-17T19:15:53.678Z","2018-05-17T19:15:53.687Z","2018-05-17T19:15:54.562Z","8061264","2","2","3893.089","9212.8731428571","2"
"142","audio","2018-05-17T19:16:17.056Z","2018-05-17T19:16:16.740Z","2018-05-17T19:16:16.870Z","2018-05-17T19:16:17.051Z","65168","1.9619791666667","0","33.434","360.04419889503","1"
"143","video","2018-05-17T19:15:57.170Z","2018-05-17T19:15:56.366Z","2018-05-17T19:15:56.381Z","2018-05-17T19:15:57.164Z","6634344","2","2","3893.089","8472.9808429119","2"
"144","audio","2018-05-17T19:16:17.291Z","2018-05-17T19:16:17.010Z","2018-05-17T19:16:17.134Z","2018-05-17T19:16:17.237Z","65784","1.9619791666667","0","33.434","638.67961165049","1"
"145","video","2018-05-17T19:16:00.234Z","2018-05-17T19:15:59.099Z","2018-05-17T19:15:59.215Z","2018-05-17T19:16:00.232Z","9417848","2","2","3893.089","9260.4208456244","2"
"146","audio","2018-05-17T19:16:19.612Z","2018-05-17T19:16:19.124Z","2018-05-17T19:16:19.378Z","2018-05-17T19:16:19.538Z","65360","1.9619791666667","0","33.434","408.5","1"
"147","video","2018-05-17T19:16:02.285Z","2018-05-17T19:16:01.204Z","2018-05-17T19:16:01.230Z","2018-05-17T19:16:02.251Z","8035152","2","2","3893.089","7869.8844270323","2"
"148","audio","2018-05-17T19:16:27.956Z","2018-05-17T19:16:26.698Z","2018-05-17T19:16:27.714Z","2018-05-17T19:16:27.851Z","65792","1.9619791666667","0","33.434","480.23357664234","1"
"149","video","2018-05-17T19:16:03.391Z","2018-05-17T19:16:02.451Z","2018-05-17T19:16:02.572Z","2018-05-17T19:16:03.356Z","7607448","2","2","3893.089","9703.3775510204","2"
"150","audio","2018-05-17T19:16:29.540Z","2018-05-17T19:16:28.770Z","2018-05-17T19:16:29.471Z","2018-05-17T19:16:29.537Z","65616","1.9619791666667","0","33.434","994.18181818182","1"
"151","video","2018-05-17T19:16:04.964Z","2018-05-17T19:16:03.843Z","2018-05-17T19:16:03.917Z","2018-05-17T19:16:04.905Z","8033240","2","2","3893.089","8130.8097165992","2"
"152","audio","2018-05-17T19:16:34.348Z","2018-05-17T19:16:33.803Z","2018-05-17T19:16:34.210Z","2018-05-17T19:16:34.344Z","65536","1.9619791666667","0","33.434","489.07462686567","1"
"153","video","2018-05-17T19:16:06.427Z","2018-05-17T19:16:05.413Z","2018-05-17T19:16:05.498Z","2018-05-17T19:16:06.410Z","8359456","2","2","3893.089","9166.0701754386","2"
"154","audio","2018-05-17T19:16:36.938Z","2018-05-17T19:16:36.447Z","2018-05-17T19:16:36.895Z","2018-05-17T19:16:36.923Z","65616","1.9619791666667","0","33.434","2343.4285714286","1"
"155","video","2018-05-17T19:16:09.641Z","2018-05-17T19:16:08.650Z","2018-05-17T19:16:08.695Z","2018-05-17T19:16:09.629Z","7479976","2","2","3893.089","8008.539614561","2"
"156","audio","2018-05-17T19:16:40.159Z","2018-05-17T19:16:39.586Z","2018-05-17T19:16:39.874Z","2018-05-17T19:16:40.122Z","65624","1.9619791666667","0","33.434","264.61290322581","1"
"157","video","2018-05-17T19:16:12.680Z","2018-05-17T19:16:11.459Z","2018-05-17T19:16:11.649Z","2018-05-17T19:16:12.651Z","8153888","2","2","3893.089","8137.6127744511","2"
"158","audio","2018-05-17T19:16:42.400Z","2018-05-17T19:16:41.823Z","2018-05-17T19:16:42.296Z","2018-05-17T19:16:42.299Z","65320","1.9619791666667","0","33.434","21773.333333333","1"
"159","video","2018-05-17T19:16:20.290Z","2018-05-17T19:16:19.104Z","2018-05-17T19:16:19.267Z","2018-05-17T19:16:20.279Z","7946968","2","2","3893.089","7852.7351778656","2"
"160","audio","2018-05-17T19:16:43.892Z","2018-05-17T19:16:43.488Z","2018-05-17T19:16:43.881Z","2018-05-17T19:16:43.889Z","65920","1.9619791666667","0","33.434","8240","1"
"161","video","2018-05-17T19:16:21.480Z","2018-05-17T19:16:20.392Z","2018-05-17T19:16:20.448Z","2018-05-17T19:16:21.472Z","8743024","2","2","3893.089","8538.109375","2"
"162","audio","2018-05-17T19:16:44.911Z","2018-05-17T19:16:44.315Z","2018-05-17T19:16:44.751Z","2018-05-17T19:16:44.821Z","65344","1.9619791666667","0","33.434","933.48571428571","1"
"163","video","2018-05-17T19:16:26.062Z","2018-05-17T19:16:23.703Z","2018-05-17T19:16:23.857Z","2018-05-17T19:16:26.018Z","6205608","2","2","3893.089","2871.6372049977","2"
"164","audio","2018-05-17T19:16:46.181Z","2018-05-17T19:16:45.816Z","2018-05-17T19:16:46.093Z","2018-05-17T19:16:46.174Z","65336","1.9619791666667","0","33.434","806.61728395062","1"
"165","video","2018-05-17T19:16:29.137Z","2018-05-17T19:16:24.928Z","2018-05-17T19:16:25.889Z","2018-05-17T19:16:29.071Z","7205392","2","2","3893.089","2264.4223758642","2"
"166","audio","2018-05-17T19:16:52.803Z","2018-05-17T19:16:51.829Z","2018-05-17T19:16:52.632Z","2018-05-17T19:16:52.763Z","66000","1.9619791666667","0","33.434","503.81679389313","1"
"167","video","2018-05-17T19:16:29.453Z","2018-05-17T19:16:26.667Z","2018-05-17T19:16:27.128Z","2018-05-17T19:16:29.448Z","8009840","2","2","3893.089","3452.5172413793","2"
"168","audio","2018-05-17T19:16:55.008Z","2018-05-17T19:16:54.476Z","2018-05-17T19:16:54.843Z","2018-05-17T19:16:54.891Z","65568","1.9619791666667","0","33.434","1366","1"
"169","video","2018-05-17T19:16:31.007Z","2018-05-17T19:16:29.788Z","2018-05-17T19:16:30.086Z","2018-05-17T19:16:30.976Z","8258184","2","2","3893.089","9278.8584269663","2"
"170","audio","2018-05-17T19:17:01.526Z","2018-05-17T19:17:01.367Z","2018-05-17T19:17:01.432Z","2018-05-17T19:17:01.485Z","65616","1.9619791666667","0","33.434","1238.0377358491","1"
"171","video","2018-05-17T19:16:35.081Z","2018-05-17T19:16:33.744Z","2018-05-17T19:16:33.866Z","2018-05-17T19:16:35.058Z","11254424","2","2","3893.089","9441.6308724832","2"
"172","audio","2018-05-17T19:17:01.823Z","2018-05-17T19:17:01.659Z","2018-05-17T19:17:01.705Z","2018-05-17T19:17:01.820Z","65456","1.9619791666667","0","33.434","569.18260869565","1"
"173","video","2018-05-17T19:16:36.623Z","2018-05-17T19:16:34.671Z","2018-05-17T19:16:35.017Z","2018-05-17T19:16:36.591Z","7614304","2","2","3893.089","4837.5501905972","2"
"174","audio","2018-05-17T19:17:02.165Z","2018-05-17T19:17:01.950Z","2018-05-17T19:17:02.064Z","2018-05-17T19:17:02.122Z","65176","1.9619791666667","0","33.434","1123.724137931","1"
"175","video","2018-05-17T19:16:40.904Z","2018-05-17T19:16:39.490Z","2018-05-17T19:16:39.819Z","2018-05-17T19:16:40.902Z","4691824","2","2","3893.089","4332.2474607572","2"
"176","audio","2018-05-17T19:17:07.505Z","2018-05-17T19:17:06.897Z","2018-05-17T19:17:07.162Z","2018-05-17T19:17:07.352Z","66288","1.9619791666667","0","33.434","348.88421052632","1"
"177","video","2018-05-17T19:16:43.483Z","2018-05-17T19:16:41.775Z","2018-05-17T19:16:42.164Z","2018-05-17T19:16:43.475Z","6904568","2","2","3893.089","5266.6422578185","2"
"178","audio","2018-05-17T19:17:10.224Z","2018-05-17T19:17:09.569Z","2018-05-17T19:17:09.931Z","2018-05-17T19:17:10.193Z","65432","1.9619791666667","0","33.434","249.74045801527","1"
"179","video","2018-05-17T19:16:45.676Z","2018-05-17T19:16:44.312Z","2018-05-17T19:16:44.401Z","2018-05-17T19:16:45.636Z","10629848","2","2","3893.089","8607.1643724696","2"
"180","audio","2018-05-17T19:17:15.278Z","2018-05-17T19:17:14.751Z","2018-05-17T19:17:15.258Z","2018-05-17T19:17:15.267Z","65264","1.9619791666667","0","33.434","7251.5555555556","1"
"181","video","2018-05-17T19:16:47.266Z","2018-05-17T19:16:46.194Z","2018-05-17T19:16:46.379Z","2018-05-17T19:16:47.219Z","8686976","2","2","3893.089","10341.638095238","2"
"182","audio","2018-05-17T19:17:17.191Z","2018-05-17T19:17:16.953Z","2018-05-17T19:17:17.102Z","2018-05-17T19:17:17.160Z","65904","1.9619791666667","0","33.434","1136.275862069","1"
"183","video","2018-05-17T19:16:53.343Z","2018-05-17T19:16:51.760Z","2018-05-17T19:16:51.962Z","2018-05-17T19:16:53.244Z","8802200","2","2","3893.089","6865.9906396256","2"
"184","audio","2018-05-17T19:17:25.819Z","2018-05-17T19:17:24.734Z","2018-05-17T19:17:25.733Z","2018-05-17T19:17:25.802Z","65464","1.9619791666667","0","33.434","948.75362318841","1"
"185","video","2018-05-17T19:16:55.897Z","2018-05-17T19:16:54.360Z","2018-05-17T19:16:54.582Z","2018-05-17T19:16:55.852Z","5660408","2","2","3893.089","4457.0141732283","2"
"186","audio","2018-05-17T19:17:26.528Z","2018-05-17T19:17:25.892Z","2018-05-17T19:17:26.485Z","2018-05-17T19:17:26.502Z","65608","1.9619791666667","0","33.434","3859.2941176471","1"
"187","video","2018-05-17T19:16:58.254Z","2018-05-17T19:16:56.186Z","2018-05-17T19:16:56.561Z","2018-05-17T19:16:58.241Z","10212664","2","2","3893.089","6078.9666666667","2"
"188","audio","2018-05-17T19:17:28.340Z","2018-05-17T19:17:27.902Z","2018-05-17T19:17:28.265Z","2018-05-17T19:17:28.326Z","65896","1.9619791666667","0","33.434","1080.262295082","1"
"189","video","2018-05-17T19:16:59.814Z","2018-05-17T19:16:59.166Z","2018-05-17T19:16:59.349Z","2018-05-17T19:16:59.810Z","3946280","2","2","3893.089","8560.2603036876","2"
"190","audio","2018-05-17T19:17:30.862Z","2018-05-17T19:17:30.143Z","2018-05-17T19:17:30.446Z","2018-05-17T19:17:30.838Z","65184","1.9619791666667","0","33.434","166.28571428571","1"
"191","video","2018-05-17T19:17:07.955Z","2018-05-17T19:17:06.880Z","2018-05-17T19:17:06.918Z","2018-05-17T19:17:07.953Z","6600720","2","2","3893.089","6377.5072463768","2"
"192","audio","2018-05-17T19:17:30.975Z","2018-05-17T19:17:30.473Z","2018-05-17T19:17:30.914Z","2018-05-17T19:17:30.958Z","65408","1.9619791666667","0","33.434","1486.5454545455","1"
"193","video","2018-05-17T19:17:10.743Z","2018-05-17T19:17:09.425Z","2018-05-17T19:17:09.795Z","2018-05-17T19:17:10.712Z","7722168","2","2","3893.089","8421.121046892","2"
"194","audio","2018-05-17T19:17:46.452Z","2018-05-17T19:17:46.227Z","2018-05-17T19:17:46.296Z","2018-05-17T19:17:46.424Z","65920","1.9619791666667","0","33.434","515","1"
"195","video","2018-05-17T19:17:16.275Z","2018-05-17T19:17:14.632Z","2018-05-17T19:17:14.798Z","2018-05-17T19:17:16.268Z","12112128","2","2","3893.089","8239.5428571429","2"
"196","audio","2018-05-17T19:17:46.507Z","2018-05-17T19:17:46.353Z","2018-05-17T19:17:46.473Z","2018-05-17T19:17:46.505Z","65016","1.9619791666667","0","33.434","2031.75","1"
"197","video","2018-05-17T19:17:17.772Z","2018-05-17T19:17:16.904Z","2018-05-17T19:17:17.029Z","2018-05-17T19:17:17.764Z","6551024","2","2","3893.089","8912.9578231293","2"
"198","audio","2018-05-17T19:17:46.849Z","2018-05-17T19:17:46.676Z","2018-05-17T19:17:46.804Z","2018-05-17T19:17:46.836Z","66200","1.9619791666667","0","33.434","2068.75","1"
"199","video","2018-05-17T19:17:20.190Z","2018-05-17T19:17:18.898Z","2018-05-17T19:17:19.207Z","2018-05-17T19:17:20.098Z","8417144","2","2","3893.089","9446.8507295174","2"
"200","audio","2018-05-17T19:17:47.351Z","2018-05-17T19:17:47.084Z","2018-05-17T19:17:47.336Z","2018-05-17T19:17:47.340Z","65112","1.9619791666667","0","33.434","16278","1"
"201","video","2018-05-17T19:17:23.589Z","2018-05-17T19:17:22.356Z","2018-05-17T19:17:22.810Z","2018-05-17T19:17:23.572Z","8549832","2","2","3893.089","11220.251968504","2"
"202","audio","2018-05-17T19:17:49.009Z","2018-05-17T19:17:48.559Z","2018-05-17T19:17:48.953Z","2018-05-17T19:17:48.994Z","65776","1.9619791666667","0","33.434","1604.2926829268","1"
"203","video","2018-05-17T19:17:26.392Z","2018-05-17T19:17:24.666Z","2018-05-17T19:17:24.946Z","2018-05-17T19:17:26.373Z","8486088","2","2","3893.089","5946.8030833917","2"
"204","audio","2018-05-17T19:17:50.543Z","2018-05-17T19:17:49.751Z","2018-05-17T19:17:50.462Z","2018-05-17T19:17:50.505Z","65832","1.9619791666667","0","33.434","1530.976744186","1"
"205","video","2018-05-17T19:17:29.605Z","2018-05-17T19:17:27.827Z","2018-05-17T19:17:28.073Z","2018-05-17T19:17:29.438Z","8791872","2","2","3893.089","6440.9318681319","2"
"206","audio","2018-05-17T19:17:56.333Z","2018-05-17T19:17:55.338Z","2018-05-17T19:17:56.180Z","2018-05-17T19:17:56.307Z","66112","1.9619791666667","0","33.434","520.56692913386","1"
"207","video","2018-05-17T19:17:31.836Z","2018-05-17T19:17:30.724Z","2018-05-17T19:17:31.121Z","2018-05-17T19:17:31.798Z","7581800","2","2","3893.089","11199.113737075","2"
"208","audio","2018-05-17T19:17:59.100Z","2018-05-17T19:17:58.538Z","2018-05-17T19:17:58.948Z","2018-05-17T19:17:59.044Z","65336","1.9619791666667","0","33.434","680.58333333333","1"
"209","video","2018-05-17T19:17:35.387Z","2018-05-17T19:17:34.388Z","2018-05-17T19:17:34.571Z","2018-05-17T19:17:35.347Z","3192008","2","2","3893.089","4113.412371134","2"
"210","video","2018-05-17T19:17:38.037Z","2018-05-17T19:17:36.546Z","2018-05-17T19:17:36.666Z","2018-05-17T19:17:38.017Z","11797472","2","2","3893.089","8732.399703923","2"
"211","audio","2018-05-17T19:18:01.033Z","2018-05-17T19:18:00.771Z","2018-05-17T19:18:00.953Z","2018-05-17T19:18:01.018Z","65704","1.9619791666667","0","33.434","1010.8307692308","1"
"212","video","2018-05-17T19:17:39.991Z","2018-05-17T19:17:38.919Z","2018-05-17T19:17:38.989Z","2018-05-17T19:17:39.882Z","8442344","2","2","3893.089","9453.9126539754","2"
"213","audio","2018-05-17T19:18:13.873Z","2018-05-17T19:18:13.658Z","2018-05-17T19:18:13.804Z","2018-05-17T19:18:13.808Z","65288","1.9619791666667","0","33.434","16322","1"
"214","video","2018-05-17T19:17:41.358Z","2018-05-17T19:17:40.322Z","2018-05-17T19:17:40.462Z","2018-05-17T19:17:41.345Z","8008760","2","2","3893.089","9069.9433748584","2"
"215","audio","2018-05-17T19:18:14.079Z","2018-05-17T19:18:13.910Z","2018-05-17T19:18:14.061Z","2018-05-17T19:18:14.077Z","65576","1.9619791666667","0","33.434","4098.5","1"
"216","video","2018-05-17T19:17:48.815Z","2018-05-17T19:17:47.601Z","2018-05-17T19:17:47.867Z","2018-05-17T19:17:48.810Z","7269464","2","2","3893.089","7708.8695652174","2"
"217","audio","2018-05-17T19:18:14.114Z","2018-05-17T19:18:13.994Z","2018-05-17T19:18:14.081Z","2018-05-17T19:18:14.105Z","65320","1.9619791666667","0","33.434","2721.6666666667","1"
"218","audio","2018-05-17T19:18:17.042Z","2018-05-17T19:18:16.551Z","2018-05-17T19:18:17.029Z","2018-05-17T19:18:17.037Z","66296","1.9619791666667","0","33.434","8287","1"
"219","video","2018-05-17T19:17:51.474Z","2018-05-17T19:17:49.679Z","2018-05-17T19:17:50.004Z","2018-05-17T19:17:51.467Z","9053248","2","2","3893.089","6188.1394395079","2"
"220","audio","2018-05-17T19:18:18.220Z","2018-05-17T19:18:17.974Z","2018-05-17T19:18:18.192Z","2018-05-17T19:18:18.217Z","64912","1.9619791666667","0","33.434","2596.48","1"
"221","video","2018-05-17T19:17:53.138Z","2018-05-17T19:17:51.761Z","2018-05-17T19:17:52.146Z","2018-05-17T19:17:53.118Z","7407968","2","2","3893.089","7621.366255144","2"
"222","audio","2018-05-17T19:18:24.143Z","2018-05-17T19:18:23.896Z","2018-05-17T19:18:24.098Z","2018-05-17T19:18:24.112Z","65832","1.9619791666667","0","33.434","4702.2857142857","1"
"223","video","2018-05-17T19:17:53.852Z","2018-05-17T19:17:51.812Z","2018-05-17T19:17:52.315Z","2018-05-17T19:17:53.625Z","5882480","2","2","3893.089","4490.4427480916","2"
"224","audio","2018-05-17T19:18:24.458Z","2018-05-17T19:18:24.221Z","2018-05-17T19:18:24.295Z","2018-05-17T19:18:24.402Z","65672","1.9619791666667","0","33.434","613.75700934579","1"
"225","video","2018-05-17T19:17:56.763Z","2018-05-17T19:17:54.195Z","2018-05-17T19:17:54.503Z","2018-05-17T19:17:56.705Z","9316456","2","2","3893.089","4230.906448683","2"
"226","audio","2018-05-17T19:18:27.244Z","2018-05-17T19:18:26.306Z","2018-05-17T19:18:27.126Z","2018-05-17T19:18:27.210Z","66120","1.9619791666667","0","33.434","787.14285714286","1"
"227","video","2018-05-17T19:17:58.571Z","2018-05-17T19:17:55.279Z","2018-05-17T19:17:55.585Z","2018-05-17T19:17:58.569Z","8367080","2","2","3893.089","2803.981233244","2"
"228","audio","2018-05-17T19:18:32.695Z","2018-05-17T19:18:31.888Z","2018-05-17T19:18:32.609Z","2018-05-17T19:18:32.663Z","64648","1.9619791666667","0","33.434","1197.1851851852","1"
"229","video","2018-05-17T19:18:00.271Z","2018-05-17T19:17:58.523Z","2018-05-17T19:17:58.592Z","2018-05-17T19:18:00.209Z","7951800","2","2","3893.089","4917.6252319109","2"
"230","audio","2018-05-17T19:18:33.751Z","2018-05-17T19:18:33.548Z","2018-05-17T19:18:33.701Z","2018-05-17T19:18:33.735Z","65504","1.9619791666667","0","33.434","1926.5882352941","1"
"231","video","2018-05-17T19:18:02.655Z","2018-05-17T19:18:01.036Z","2018-05-17T19:18:01.307Z","2018-05-17T19:18:02.636Z","10500040","2","2","3893.089","7900.7072987208","2"
"232","audio","2018-05-17T19:18:38.183Z","2018-05-17T19:18:37.172Z","2018-05-17T19:18:37.982Z","2018-05-17T19:18:38.093Z","65712","1.9619791666667","0","33.434","592","1"
"233","video","2018-05-17T19:18:04.845Z","2018-05-17T19:18:03.882Z","2018-05-17T19:18:04.074Z","2018-05-17T19:18:04.816Z","6313392","2","2","3893.089","8508.6145552561","2"
"234","audio","2018-05-17T19:18:40.006Z","2018-05-17T19:18:39.633Z","2018-05-17T19:18:39.707Z","2018-05-17T19:18:39.951Z","65880","1.9619791666667","0","33.434","270","1"
"235","video","2018-05-17T19:18:07.826Z","2018-05-17T19:18:06.339Z","2018-05-17T19:18:06.526Z","2018-05-17T19:18:07.803Z","7898944","2","2","3893.089","6185.5473766641","2"
"236","audio","2018-05-17T19:18:42.776Z","2018-05-17T19:18:42.291Z","2018-05-17T19:18:42.594Z","2018-05-17T19:18:42.700Z","65656","1.9619791666667","0","33.434","619.39622641509","1"
"237","video","2018-05-17T19:18:15.518Z","2018-05-17T19:18:14.298Z","2018-05-17T19:18:14.463Z","2018-05-17T19:18:15.491Z","8318432","2","2","3893.089","8091.859922179","2"
"238","video","2018-05-17T19:18:17.961Z","2018-05-17T19:18:16.522Z","2018-05-17T19:18:16.779Z","2018-05-17T19:18:17.958Z","5915728","2","2","3893.089","5017.5810008482","2"
"239","audio","2018-05-17T19:18:51.231Z","2018-05-17T19:18:50.589Z","2018-05-17T19:18:51.054Z","2018-05-17T19:18:51.171Z","65472","1.9619791666667","0","33.434","559.58974358974","1"
"240","video","2018-05-17T19:18:18.893Z","2018-05-17T19:18:18.164Z","2018-05-17T19:18:18.367Z","2018-05-17T19:18:18.870Z","6256208","2","2","3893.089","12437.789264414","2"
"241","audio","2018-05-17T19:18:52.536Z","2018-05-17T19:18:51.914Z","2018-05-17T19:18:52.431Z","2018-05-17T19:18:52.522Z","65064","1.9619791666667","0","33.434","714.98901098901","1"
"242","video","2018-05-17T19:18:27.385Z","2018-05-17T19:18:26.301Z","2018-05-17T19:18:26.495Z","2018-05-17T19:18:27.357Z","6885520","2","2","3893.089","7987.8422273782","2"
"243","audio","2018-05-17T19:18:53.749Z","2018-05-17T19:18:52.546Z","2018-05-17T19:18:53.651Z","2018-05-17T19:18:53.714Z","65704","1.9619791666667","0","33.434","1042.9206349206","1"
"244","video","2018-05-17T19:18:30.986Z","2018-05-17T19:18:29.409Z","2018-05-17T19:18:29.641Z","2018-05-17T19:18:30.971Z","11400512","2","2","3893.089","8571.8135338346","2"
"245","audio","2018-05-17T19:18:53.935Z","2018-05-17T19:18:53.403Z","2018-05-17T19:18:53.814Z","2018-05-17T19:18:53.902Z","65888","1.9619791666667","0","33.434","748.72727272727","1"
"246","video","2018-05-17T19:18:33.058Z","2018-05-17T19:18:31.805Z","2018-05-17T19:18:32.016Z","2018-05-17T19:18:33.055Z","7945552","2","2","3893.089","7647.3070259865","2"
"247","audio","2018-05-17T19:18:55.746Z","2018-05-17T19:18:55.147Z","2018-05-17T19:18:55.654Z","2018-05-17T19:18:55.743Z","65504","1.9619791666667","0","33.434","736","1"
"248","audio","2018-05-17T19:18:59.367Z","2018-05-17T19:18:58.875Z","2018-05-17T19:18:59.317Z","2018-05-17T19:18:59.364Z","65080","1.9619791666667","0","33.434","1384.6808510638","1"
"249","video","2018-05-17T19:18:36.729Z","2018-05-17T19:18:36.067Z","2018-05-17T19:18:36.330Z","2018-05-17T19:18:36.699Z","4425152","2","2","3893.089","11992.281842818","2"
"250","video","2018-05-17T19:18:41.241Z","2018-05-17T19:18:39.600Z","2018-05-17T19:18:39.732Z","2018-05-17T19:18:41.173Z","9783624","2","2","3893.089","6789.4684247051","2"
"251","audio","2018-05-17T19:18:59.986Z","2018-05-17T19:18:59.278Z","2018-05-17T19:18:59.912Z","2018-05-17T19:18:59.965Z","65800","1.9619791666667","0","33.434","1241.5094339623","1"
"252","audio","2018-05-17T19:19:09.891Z","2018-05-17T19:19:09.305Z","2018-05-17T19:19:09.684Z","2018-05-17T19:19:09.707Z","66008","1.9619791666667","0","33.434","2869.9130434783","1"
"253","video","2018-05-17T19:18:43.503Z","2018-05-17T19:18:42.253Z","2018-05-17T19:18:42.367Z","2018-05-17T19:18:43.471Z","8444592","2","2","3893.089","7649.0869565217","2"
"254","audio","2018-05-17T19:19:11.629Z","2018-05-17T19:19:11.389Z","2018-05-17T19:19:11.468Z","2018-05-17T19:19:11.598Z","65568","1.9619791666667","0","33.434","504.36923076923","1"
"255","video","2018-05-17T19:18:48.028Z","2018-05-17T19:18:46.651Z","2018-05-17T19:18:46.847Z","2018-05-17T19:18:47.990Z","9249656","2","2","3893.089","8092.4374453193","2"
"256","video","2018-05-17T19:18:52.377Z","2018-05-17T19:18:50.521Z","2018-05-17T19:18:50.723Z","2018-05-17T19:18:52.355Z","8042144","2","2","3893.089","4927.7843137255","2"
"257","audio","2018-05-17T19:19:13.997Z","2018-05-17T19:19:13.863Z","2018-05-17T19:19:13.927Z","2018-05-17T19:19:13.980Z","65792","1.9619791666667","0","33.434","1241.358490566","1"
"258","audio","2018-05-17T19:19:17.070Z","2018-05-17T19:19:16.661Z","2018-05-17T19:19:16.983Z","2018-05-17T19:19:17.048Z","65480","1.9619791666667","0","33.434","1007.3846153846","1"
"259","video","2018-05-17T19:18:55.849Z","2018-05-17T19:18:55.089Z","2018-05-17T19:18:55.483Z","2018-05-17T19:18:55.840Z","5190056","2","2","3893.089","14537.971988796","2"
"260","audio","2018-05-17T19:19:19.661Z","2018-05-17T19:19:19.217Z","2018-05-17T19:19:19.577Z","2018-05-17T19:19:19.650Z","65328","1.9619791666667","0","33.434","894.90410958904","1"
"261","video","2018-05-17T19:19:00.500Z","2018-05-17T19:18:58.822Z","2018-05-17T19:18:58.966Z","2018-05-17T19:19:00.464Z","9696352","2","2","3893.089","6472.8651535381","2"
"262","video","2018-05-17T19:19:03.032Z","2018-05-17T19:19:02.003Z","2018-05-17T19:19:02.160Z","2018-05-17T19:19:03.030Z","8926488","2","2","3893.089","10260.331034483","2"
"263","audio","2018-05-17T19:19:27.610Z","2018-05-17T19:19:26.551Z","2018-05-17T19:19:27.459Z","2018-05-17T19:19:27.576Z","65704","1.9619791666667","0","33.434","561.57264957265","1"
"264","video","2018-05-17T19:19:04.649Z","2018-05-17T19:19:03.524Z","2018-05-17T19:19:03.775Z","2018-05-17T19:19:04.605Z","8285728","2","2","3893.089","9982.8048192771","2"
"265","audio","2018-05-17T19:19:30.651Z","2018-05-17T19:19:29.760Z","2018-05-17T19:19:30.412Z","2018-05-17T19:19:30.549Z","65416","1.9619791666667","0","33.434","477.48905109489","1"
"266","video","2018-05-17T19:19:10.506Z","2018-05-17T19:19:09.243Z","2018-05-17T19:19:09.405Z","2018-05-17T19:19:10.502Z","8610688","2","2","3893.089","7849.3053783045","2"
"267","audio","2018-05-17T19:19:34.287Z","2018-05-17T19:19:33.924Z","2018-05-17T19:19:34.114Z","2018-05-17T19:19:34.240Z","65440","1.9619791666667","0","33.434","519.36507936508","1"
"268","audio","2018-05-17T19:19:37.169Z","2018-05-17T19:19:36.926Z","2018-05-17T19:19:37.161Z","2018-05-17T19:19:37.166Z","65568","1.9619791666667","0","33.434","13113.6","1"
"269","video","2018-05-17T19:19:12.198Z","2018-05-17T19:19:11.383Z","2018-05-17T19:19:11.446Z","2018-05-17T19:19:12.169Z","5906976","2","2","3893.089","8170.0912863071","2"
"270","video","2018-05-17T19:19:17.917Z","2018-05-17T19:19:16.608Z","2018-05-17T19:19:16.709Z","2018-05-17T19:19:17.913Z","9664128","2","2","3893.089","8026.6843853821","2"
"271","audio","2018-05-17T19:19:37.213Z","2018-05-17T19:19:37.194Z","2018-05-17T19:19:37.204Z","2018-05-17T19:19:37.211Z","65504","1.9619791666667","0","33.434","9357.7142857143","1"
"272","audio","2018-05-17T19:19:42.435Z","2018-05-17T19:19:41.473Z","2018-05-17T19:19:42.227Z","2018-05-17T19:19:42.295Z","66096","1.9619791666667","0","33.434","972","1"
"273","video","2018-05-17T19:19:20.257Z","2018-05-17T19:19:19.188Z","2018-05-17T19:19:19.488Z","2018-05-17T19:19:20.253Z","6938328","2","2","3893.089","9069.7098039216","2"
"274","audio","2018-05-17T19:19:43.678Z","2018-05-17T19:19:42.801Z","2018-05-17T19:19:43.596Z","2018-05-17T19:19:43.638Z","65424","1.9619791666667","0","33.434","1557.7142857143","1"
"275","video","2018-05-17T19:19:22.989Z","2018-05-17T19:19:21.268Z","2018-05-17T19:19:21.472Z","2018-05-17T19:19:22.943Z","7080592","2","2","3893.089","4813.4547926581","2"
"276","video","2018-05-17T19:19:25.080Z","2018-05-17T19:19:23.786Z","2018-05-17T19:19:23.888Z","2018-05-17T19:19:24.991Z","9114624","2","2","3893.089","8263.4850407978","2"
"277","audio","2018-05-17T19:19:44.817Z","2018-05-17T19:19:44.423Z","2018-05-17T19:19:44.744Z","2018-05-17T19:19:44.804Z","66040","1.9619791666667","0","33.434","1100.6666666667","1"
"278","video","2018-05-17T19:19:28.426Z","2018-05-17T19:19:26.396Z","2018-05-17T19:19:26.698Z","2018-05-17T19:19:28.344Z","8849336","2","2","3893.089","5376.2673147023","2"
"279","video","2018-05-17T19:19:31.450Z","2018-05-17T19:19:29.703Z","2018-05-17T19:19:29.939Z","2018-05-17T19:19:31.426Z","7392408","2","2","3893.089","4971.3570948218","2"
"280","audio","2018-05-17T19:19:46.359Z","2018-05-17T19:19:46.043Z","2018-05-17T19:19:46.299Z","2018-05-17T19:19:46.337Z","64936","1.9619791666667","0","33.434","1708.8421052632","1"
"281","video","2018-05-17T19:19:34.839Z","2018-05-17T19:19:33.921Z","2018-05-17T19:19:34.019Z","2018-05-17T19:19:34.800Z","6687392","2","2","3893.089","8562.6017925736","2"
"282","audio","2018-05-17T19:19:51.293Z","2018-05-17T19:19:50.352Z","2018-05-17T19:19:51.047Z","2018-05-17T19:19:51.165Z","65816","1.9619791666667","0","33.434","557.76271186441","1"
"283","audio","2018-05-17T19:19:57.485Z","2018-05-17T19:19:56.517Z","2018-05-17T19:19:57.282Z","2018-05-17T19:19:57.452Z","65552","1.9619791666667","0","33.434","385.6","1"
"284","video","2018-05-17T19:19:37.134Z","2018-05-17T19:19:35.361Z","2018-05-17T19:19:35.379Z","2018-05-17T19:19:37.091Z","9072936","2","2","3893.089","5299.6121495327","2"
"285","audio","2018-05-17T19:19:58.012Z","2018-05-17T19:19:57.890Z","2018-05-17T19:19:57.974Z","2018-05-17T19:19:57.997Z","65512","1.9619791666667","0","33.434","2848.347826087","1"
"286","video","2018-05-17T19:19:40.182Z","2018-05-17T19:19:39.078Z","2018-05-17T19:19:39.259Z","2018-05-17T19:19:40.132Z","6852808","2","2","3893.089","7849.7227949599","2"
"287","audio","2018-05-17T19:19:58.248Z","2018-05-17T19:19:58.163Z","2018-05-17T19:19:58.217Z","2018-05-17T19:19:58.237Z","65568","1.9619791666667","0","33.434","3278.4","1"
"288","video","2018-05-17T19:19:43.101Z","2018-05-17T19:19:41.455Z","2018-05-17T19:19:41.529Z","2018-05-17T19:19:43.068Z","9190600","2","2","3893.089","5971.7998700455","2"
"289","audio","2018-05-17T19:20:04.599Z","2018-05-17T19:20:04.033Z","2018-05-17T19:20:04.473Z","2018-05-17T19:20:04.580Z","65808","1.9619791666667","0","33.434","615.02803738318","1"
"290","video","2018-05-17T19:19:45.826Z","2018-05-17T19:19:44.383Z","2018-05-17T19:19:44.511Z","2018-05-17T19:19:45.789Z","9405600","2","2","3893.089","7359.6244131455","2"
"291","audio","2018-05-17T19:20:06.969Z","2018-05-17T19:20:06.752Z","2018-05-17T19:20:06.863Z","2018-05-17T19:20:06.939Z","65688","1.9619791666667","0","33.434","864.31578947368","1"
"292","video","2018-05-17T19:19:49.927Z","2018-05-17T19:19:48.731Z","2018-05-17T19:19:49.127Z","2018-05-17T19:19:49.854Z","7427432","2","2","3893.089","10216.550206327","2"
"293","video","2018-05-17T19:19:52.734Z","2018-05-17T19:19:51.295Z","2018-05-17T19:19:51.832Z","2018-05-17T19:19:52.717Z","6933480","2","2","3893.089","7834.4406779661","2"
"294","audio","2018-05-17T19:20:15.103Z","2018-05-17T19:20:14.193Z","2018-05-17T19:20:14.904Z","2018-05-17T19:20:15.001Z","65544","1.9619791666667","0","33.434","675.71134020619","1"
"295","audio","2018-05-17T19:20:20.728Z","2018-05-17T19:20:19.770Z","2018-05-17T19:20:20.552Z","2018-05-17T19:20:20.620Z","65112","1.9619791666667","0","33.434","957.52941176471","1"
"296","video","2018-05-17T19:19:55.272Z","2018-05-17T19:19:53.737Z","2018-05-17T19:19:53.906Z","2018-05-17T19:19:55.248Z","8737624","2","2","3893.089","6510.8971684054","2"
"297","video","2018-05-17T19:19:57.716Z","2018-05-17T19:19:56.495Z","2018-05-17T19:19:56.668Z","2018-05-17T19:19:57.673Z","8240384","2","2","3893.089","8199.3870646766","2"
"298","audio","2018-05-17T19:20:22.833Z","2018-05-17T19:20:22.080Z","2018-05-17T19:20:22.761Z","2018-05-17T19:20:22.803Z","65776","1.9619791666667","0","33.434","1566.0952380952","1"
"299","video","2018-05-17T19:20:05.373Z","2018-05-17T19:20:04.008Z","2018-05-17T19:20:04.124Z","2018-05-17T19:20:05.286Z","8127272","2","2","3893.089","6994.2099827883","2"
"300","audio","2018-05-17T19:20:24.351Z","2018-05-17T19:20:23.988Z","2018-05-17T19:20:24.335Z","2018-05-17T19:20:24.340Z","65832","1.9619791666667","0","33.434","13166.4","1"
"301","video","2018-05-17T19:20:07.716Z","2018-05-17T19:20:06.743Z","2018-05-17T19:20:06.837Z","2018-05-17T19:20:07.652Z","6699480","2","2","3893.089","8220.2208588957","2"
"302","audio","2018-05-17T19:20:26.582Z","2018-05-17T19:20:26.278Z","2018-05-17T19:20:26.448Z","2018-05-17T19:20:26.557Z","65632","1.9619791666667","0","33.434","602.12844036697","1"
"303","audio","2018-05-17T19:20:29.511Z","2018-05-17T19:20:29.270Z","2018-05-17T19:20:29.373Z","2018-05-17T19:20:29.445Z","64600","1.9619791666667","0","33.434","897.22222222222","1"
"304","video","2018-05-17T19:20:08.880Z","2018-05-17T19:20:07.941Z","2018-05-17T19:20:08.094Z","2018-05-17T19:20:08.876Z","5309688","2","2","3893.089","6789.8823529412","2"
"305","audio","2018-05-17T19:20:33.265Z","2018-05-17T19:20:32.130Z","2018-05-17T19:20:33.008Z","2018-05-17T19:20:33.221Z","66296","1.9619791666667","0","33.434","311.24882629108","1"
"306","video","2018-05-17T19:20:15.243Z","2018-05-17T19:20:14.130Z","2018-05-17T19:20:14.282Z","2018-05-17T19:20:15.175Z","5658480","2","2","3893.089","6336.483762598","2"
"307","audio","2018-05-17T19:20:35.664Z","2018-05-17T19:20:35.070Z","2018-05-17T19:20:35.507Z","2018-05-17T19:20:35.623Z","65736","1.9619791666667","0","33.434","566.68965517241","1"
"308","video","2018-05-17T19:20:17.389Z","2018-05-17T19:20:16.601Z","2018-05-17T19:20:16.747Z","2018-05-17T19:20:17.294Z","4656144","2","2","3893.089","8512.1462522852","2"
"309","audio","2018-05-17T19:20:40.494Z","2018-05-17T19:20:39.877Z","2018-05-17T19:20:40.371Z","2018-05-17T19:20:40.483Z","65872","1.9619791666667","0","33.434","588.14285714286","1"
"310","video","2018-05-17T19:20:21.323Z","2018-05-17T19:20:19.733Z","2018-05-17T19:20:19.874Z","2018-05-17T19:20:21.277Z","10407664","2","2","3893.089","7418.1496792587","2"
"311","audio","2018-05-17T19:20:41.470Z","2018-05-17T19:20:40.649Z","2018-05-17T19:20:41.232Z","2018-05-17T19:20:41.408Z","65600","1.9619791666667","0","33.434","372.72727272727","1"
"312","video","2018-05-17T19:20:23.927Z","2018-05-17T19:20:22.050Z","2018-05-17T19:20:22.214Z","2018-05-17T19:20:23.886Z","10536384","2","2","3893.089","6301.6650717703","2"
"313","audio","2018-05-17T19:20:43.275Z","2018-05-17T19:20:42.956Z","2018-05-17T19:20:43.228Z","2018-05-17T19:20:43.232Z","65568","1.9619791666667","0","33.434","16392","1"
"314","video","2018-05-17T19:20:30.353Z","2018-05-17T19:20:29.265Z","2018-05-17T19:20:29.345Z","2018-05-17T19:20:30.282Z","6653720","2","2","3893.089","7101.0885805763","2"
"315","audio","2018-05-17T19:20:44.948Z","2018-05-17T19:20:44.808Z","2018-05-17T19:20:44.938Z","2018-05-17T19:20:44.945Z","64536","1.9619791666667","0","33.434","9219.4285714286","1"
"316","video","2018-05-17T19:20:34.187Z","2018-05-17T19:20:32.029Z","2018-05-17T19:20:32.291Z","2018-05-17T19:20:34.166Z","8196056","2","2","3893.089","4371.2298666667","2"
"317","audio","2018-05-17T19:20:54.637Z","2018-05-17T19:20:54.525Z","2018-05-17T19:20:54.605Z","2018-05-17T19:20:54.631Z","65688","1.9619791666667","0","33.434","2526.4615384615","1"
"318","video","2018-05-17T19:20:35.427Z","2018-05-17T19:20:32.331Z","2018-05-17T19:20:33.395Z","2018-05-17T19:20:35.397Z","8697248","2","2","3893.089","4344.2797202797","2"
"319","audio","2018-05-17T19:20:57.683Z","2018-05-17T19:20:57.167Z","2018-05-17T19:20:57.600Z","2018-05-17T19:20:57.635Z","66640","1.9619791666667","0","33.434","1904","1"
"320","video","2018-05-17T19:20:36.230Z","2018-05-17T19:20:35.022Z","2018-05-17T19:20:35.447Z","2018-05-17T19:20:36.141Z","8664232","2","2","3893.089","12484.484149856","2"
"321","audio","2018-05-17T19:20:58.603Z","2018-05-17T19:20:58.410Z","2018-05-17T19:20:58.433Z","2018-05-17T19:20:58.495Z","65200","1.9619791666667","0","33.434","1051.6129032258","1"
"322","video","2018-05-17T19:20:41.215Z","2018-05-17T19:20:39.576Z","2018-05-17T19:20:40.085Z","2018-05-17T19:20:41.180Z","7793632","2","2","3893.089","7117.4721461187","2"
"323","audio","2018-05-17T19:20:59.622Z","2018-05-17T19:20:59.108Z","2018-05-17T19:20:59.449Z","2018-05-17T19:20:59.591Z","65528","1.9619791666667","0","33.434","461.46478873239","1"
"324","video","2018-05-17T19:20:42.482Z","2018-05-17T19:20:40.526Z","2018-05-17T19:20:40.913Z","2018-05-17T19:20:42.456Z","6212216","2","2","3893.089","4026.0635126377","2"
"325","audio","2018-05-17T19:20:59.777Z","2018-05-17T19:20:59.287Z","2018-05-17T19:20:59.624Z","2018-05-17T19:20:59.679Z","65744","1.9619791666667","0","33.434","1195.3454545455","1"
"326","video","2018-05-17T19:20:44.102Z","2018-05-17T19:20:42.896Z","2018-05-17T19:20:43.186Z","2018-05-17T19:20:44.086Z","7310032","2","2","3893.089","8122.2577777778","2"
"327","audio","2018-05-17T19:21:00.256Z","2018-05-17T19:20:59.971Z","2018-05-17T19:21:00.156Z","2018-05-17T19:21:00.211Z","65920","1.9619791666667","0","33.434","1198.5454545455","1"
"328","video","2018-05-17T19:20:44.929Z","2018-05-17T19:20:43.545Z","2018-05-17T19:20:43.897Z","2018-05-17T19:20:44.926Z","7829008","2","2","3893.089","7608.3654033042","2"
"329","audio","2018-05-17T19:21:06.777Z","2018-05-17T19:21:06.521Z","2018-05-17T19:21:06.597Z","2018-05-17T19:21:06.770Z","65096","1.9619791666667","0","33.434","376.2774566474","1"
"330","video","2018-05-17T19:20:47.007Z","2018-05-17T19:20:45.324Z","2018-05-17T19:20:45.464Z","2018-05-17T19:20:46.983Z","9349320","2","2","3893.089","6154.9177090191","2"
"331","audio","2018-05-17T19:21:10.080Z","2018-05-17T19:21:09.208Z","2018-05-17T19:21:09.971Z","2018-05-17T19:21:10.056Z","65664","1.9619791666667","0","33.434","772.51764705882","1"
"332","video","2018-05-17T19:20:50.493Z","2018-05-17T19:20:49.072Z","2018-05-17T19:20:49.194Z","2018-05-17T19:20:50.456Z","9263712","2","2","3893.089","7340.500792393","2"
"333","audio","2018-05-17T19:21:11.691Z","2018-05-17T19:21:11.592Z","2018-05-17T19:21:11.677Z","2018-05-17T19:21:11.688Z","65696","1.9619791666667","0","33.434","5972.3636363636","1"
"334","video","2018-05-17T19:20:58.100Z","2018-05-17T19:20:57.148Z","2018-05-17T19:20:57.272Z","2018-05-17T19:20:58.092Z","6952112","2","2","3893.089","8478.1853658537","2"
"335","audio","2018-05-17T19:21:18.278Z","2018-05-17T19:21:17.153Z","2018-05-17T19:21:18.049Z","2018-05-17T19:21:18.258Z","65696","1.9619791666667","0","33.434","314.33492822967","1"
"336","video","2018-05-17T19:21:02.636Z","2018-05-17T19:21:01.647Z","2018-05-17T19:21:01.731Z","2018-05-17T19:21:02.607Z","7751952","2","2","3893.089","8849.2602739726","2"
"337","audio","2018-05-17T19:21:19.862Z","2018-05-17T19:21:19.372Z","2018-05-17T19:21:19.818Z","2018-05-17T19:21:19.860Z","65416","1.9619791666667","0","33.434","1557.5238095238","1"
"338","video","2018-05-17T19:21:05.309Z","2018-05-17T19:21:03.987Z","2018-05-17T19:21:04.085Z","2018-05-17T19:21:05.241Z","10373992","2","2","3893.089","8974.0415224913","2"
"339","audio","2018-05-17T19:21:27.384Z","2018-05-17T19:21:26.757Z","2018-05-17T19:21:27.250Z","2018-05-17T19:21:27.354Z","66192","1.9619791666667","0","33.434","636.46153846154","1"
"340","video","2018-05-17T19:21:10.175Z","2018-05-17T19:21:09.144Z","2018-05-17T19:21:09.342Z","2018-05-17T19:21:10.142Z","5970832","2","2","3893.089","7463.54","2"
"341","audio","2018-05-17T19:21:28.457Z","2018-05-17T19:21:27.711Z","2018-05-17T19:21:28.308Z","2018-05-17T19:21:28.410Z","64696","1.9619791666667","0","33.434","634.27450980392","1"
"342","video","2018-05-17T19:21:12.582Z","2018-05-17T19:21:11.534Z","2018-05-17T19:21:11.614Z","2018-05-17T19:21:12.570Z","8160224","2","2","3893.089","8535.7991631799","2"
"343","audio","2018-05-17T19:21:29.804Z","2018-05-17T19:21:29.360Z","2018-05-17T19:21:29.728Z","2018-05-17T19:21:29.770Z","65944","1.9619791666667","0","33.434","1570.0952380952","1"
"344","video","2018-05-17T19:21:15.704Z","2018-05-17T19:21:14.269Z","2018-05-17T19:21:14.566Z","2018-05-17T19:21:15.645Z","8610224","2","2","3893.089","7979.8183503244","2"
"345","audio","2018-05-17T19:21:31.219Z","2018-05-17T19:21:30.863Z","2018-05-17T19:21:31.033Z","2018-05-17T19:21:31.215Z","65240","1.9619791666667","0","33.434","358.46153846154","1"
"346","video","2018-05-17T19:21:18.543Z","2018-05-17T19:21:17.076Z","2018-05-17T19:21:17.441Z","2018-05-17T19:21:18.541Z","8230136","2","2","3893.089","7481.9418181818","2"
"347","audio","2018-05-17T19:21:36.882Z","2018-05-17T19:21:36.650Z","2018-05-17T19:21:36.713Z","2018-05-17T19:21:36.863Z","65592","1.9619791666667","0","33.434","437.28","1"
"348","video","2018-05-17T19:21:20.478Z","2018-05-17T19:21:19.290Z","2018-05-17T19:21:19.603Z","2018-05-17T19:21:20.443Z","7458160","2","2","3893.089","8878.7619047619","2"
"349","audio","2018-05-17T19:21:40.007Z","2018-05-17T19:21:39.310Z","2018-05-17T19:21:39.808Z","2018-05-17T19:21:39.925Z","66096","1.9619791666667","0","33.434","564.92307692308","1"
"350","video","2018-05-17T19:21:25.264Z","2018-05-17T19:21:24.266Z","2018-05-17T19:21:24.484Z","2018-05-17T19:21:25.245Z","6394376","2","2","3893.089","8402.5965834428","2"
"351","audio","2018-05-17T19:21:42.971Z","2018-05-17T19:21:41.814Z","2018-05-17T19:21:42.843Z","2018-05-17T19:21:42.925Z","65760","1.9619791666667","0","33.434","801.9512195122","1"
"352","video","2018-05-17T19:21:28.302Z","2018-05-17T19:21:26.637Z","2018-05-17T19:21:26.809Z","2018-05-17T19:21:28.233Z","9360696","2","2","3893.089","6573.5224719101","2"
"353","audio","2018-05-17T19:21:44.711Z","2018-05-17T19:21:44.353Z","2018-05-17T19:21:44.623Z","2018-05-17T19:21:44.679Z","64760","1.9619791666667","0","33.434","1156.4285714286","1"
"354","video","2018-05-17T19:21:30.355Z","2018-05-17T19:21:29.305Z","2018-05-17T19:21:29.529Z","2018-05-17T19:21:30.324Z","7003024","2","2","3893.089","8808.8352201258","2"
"355","audio","2018-05-17T19:21:52.270Z","2018-05-17T19:21:51.802Z","2018-05-17T19:21:52.122Z","2018-05-17T19:21:52.163Z","65872","1.9619791666667","0","33.434","1606.6341463415","1"
"356","video","2018-05-17T19:21:31.867Z","2018-05-17T19:21:31.221Z","2018-05-17T19:21:31.371Z","2018-05-17T19:21:31.844Z","4869184","2","2","3893.089","10294.257928118","2"
"357","audio","2018-05-17T19:21:54.234Z","2018-05-17T19:21:54.014Z","2018-05-17T19:21:54.142Z","2018-05-17T19:21:54.218Z","65704","1.9619791666667","0","33.434","864.52631578947","1"
"358","video","2018-05-17T19:21:34.749Z","2018-05-17T19:21:33.719Z","2018-05-17T19:21:33.774Z","2018-05-17T19:21:34.740Z","8564768","2","2","3893.089","8866.2194616977","2"
"359","audio","2018-05-17T19:21:56.535Z","2018-05-17T19:21:56.398Z","2018-05-17T19:21:56.431Z","2018-05-17T19:21:56.523Z","65648","1.9619791666667","0","33.434","713.5652173913","1"
"360","video","2018-05-17T19:21:40.640Z","2018-05-17T19:21:39.209Z","2018-05-17T19:21:39.424Z","2018-05-17T19:21:40.613Z","8713096","2","2","3893.089","7328.0874684609","2"
"361","audio","2018-05-17T19:22:06.498Z","2018-05-17T19:22:06.206Z","2018-05-17T19:22:06.275Z","2018-05-17T19:22:06.486Z","65808","1.9619791666667","0","33.434","311.88625592417","1"
"362","video","2018-05-17T19:21:43.464Z","2018-05-17T19:21:41.772Z","2018-05-17T19:21:42.050Z","2018-05-17T19:21:43.368Z","8439416","2","2","3893.089","6403.1987860395","2"
"363","audio","2018-05-17T19:22:07.829Z","2018-05-17T19:22:07.379Z","2018-05-17T19:22:07.776Z","2018-05-17T19:22:07.806Z","65096","1.9619791666667","0","33.434","2169.8666666667","1"
"364","video","2018-05-17T19:21:45.896Z","2018-05-17T19:21:44.330Z","2018-05-17T19:21:44.414Z","2018-05-17T19:21:45.793Z","8754720","2","2","3893.089","6348.6004350979","2"
"365","audio","2018-05-17T19:22:09.730Z","2018-05-17T19:22:09.259Z","2018-05-17T19:22:09.509Z","2018-05-17T19:22:09.727Z","66168","1.9619791666667","0","33.434","303.52293577982","1"
"366","video","2018-05-17T19:21:47.131Z","2018-05-17T19:21:46.004Z","2018-05-17T19:21:46.086Z","2018-05-17T19:21:47.096Z","7598928","2","2","3893.089","7523.6910891089","2"
"367","audio","2018-05-17T19:22:11.933Z","2018-05-17T19:22:11.620Z","2018-05-17T19:22:11.818Z","2018-05-17T19:22:11.874Z","65960","1.9619791666667","0","33.434","1177.8571428571","1"
"368","video","2018-05-17T19:21:52.954Z","2018-05-17T19:21:51.748Z","2018-05-17T19:21:51.842Z","2018-05-17T19:21:52.925Z","8999160","2","2","3893.089","8309.4736842105","2"
"369","audio","2018-05-17T19:22:14.404Z","2018-05-17T19:22:14.122Z","2018-05-17T19:22:14.273Z","2018-05-17T19:22:14.369Z","65288","1.9619791666667","0","33.434","680.08333333333","1"
"370","video","2018-05-17T19:21:59.941Z","2018-05-17T19:21:58.714Z","2018-05-17T19:21:58.804Z","2018-05-17T19:21:59.865Z","8309344","2","2","3893.089","7831.6154571159","2"
"371","audio","2018-05-17T19:22:19.643Z","2018-05-17T19:22:19.044Z","2018-05-17T19:22:19.470Z","2018-05-17T19:22:19.597Z","65496","1.9619791666667","0","33.434","515.71653543307","1"
"372","video","2018-05-17T19:22:01.505Z","2018-05-17T19:22:00.308Z","2018-05-17T19:22:00.475Z","2018-05-17T19:22:01.498Z","8261288","2","2","3893.089","8075.550342131","2"
"373","audio","2018-05-17T19:22:21.756Z","2018-05-17T19:22:21.473Z","2018-05-17T19:22:21.689Z","2018-05-17T19:22:21.729Z","65360","1.9619791666667","0","33.434","1634","1"
"374","video","2018-05-17T19:22:07.121Z","2018-05-17T19:22:06.203Z","2018-05-17T19:22:06.387Z","2018-05-17T19:22:07.097Z","6165256","2","2","3893.089","8683.4591549296","2"
"375","audio","2018-05-17T19:22:24.206Z","2018-05-17T19:22:24.059Z","2018-05-17T19:22:24.153Z","2018-05-17T19:22:24.185Z","65496","1.9619791666667","0","33.434","2046.75","1"
"376","video","2018-05-17T19:22:10.604Z","2018-05-17T19:22:09.181Z","2018-05-17T19:22:09.411Z","2018-05-17T19:22:10.589Z","8333384","2","2","3893.089","7074.1799660441","2"
"377","audio","2018-05-17T19:22:27.108Z","2018-05-17T19:22:26.590Z","2018-05-17T19:22:26.963Z","2018-05-17T19:22:27.021Z","65528","1.9619791666667","0","33.434","1129.7931034483","1"
"378","video","2018-05-17T19:22:12.757Z","2018-05-17T19:22:11.582Z","2018-05-17T19:22:11.675Z","2018-05-17T19:22:12.722Z","9632520","2","2","3893.089","9200.1146131805","2"
"379","audio","2018-05-17T19:22:29.355Z","2018-05-17T19:22:29.211Z","2018-05-17T19:22:29.342Z","2018-05-17T19:22:29.353Z","66088","1.9619791666667","0","33.434","6008","1"
"380","video","2018-05-17T19:22:17.780Z","2018-05-17T19:22:16.716Z","2018-05-17T19:22:16.769Z","2018-05-17T19:22:17.718Z","5121592","2","2","3893.089","5396.8303477345","2"
"381","audio","2018-05-17T19:22:34.657Z","2018-05-17T19:22:33.706Z","2018-05-17T19:22:34.157Z","2018-05-17T19:22:34.400Z","65888","1.9619791666667","0","33.434","271.14403292181","1"
"382","video","2018-05-17T19:22:20.224Z","2018-05-17T19:22:18.999Z","2018-05-17T19:22:19.164Z","2018-05-17T19:22:20.180Z","9229472","2","2","3893.089","9084.125984252","2"
"383","audio","2018-05-17T19:22:39.751Z","2018-05-17T19:22:39.152Z","2018-05-17T19:22:39.657Z","2018-05-17T19:22:39.711Z","65832","1.9619791666667","0","33.434","1219.1111111111","1"
"384","video","2018-05-17T19:22:22.489Z","2018-05-17T19:22:21.429Z","2018-05-17T19:22:21.529Z","2018-05-17T19:22:22.452Z","8584496","2","2","3893.089","9300.6457204767","2"
"385","audio","2018-05-17T19:22:40.065Z","2018-05-17T19:22:39.918Z","2018-05-17T19:22:40.055Z","2018-05-17T19:22:40.063Z","64808","1.9619791666667","0","33.434","8101","1"
"386","video","2018-05-17T19:22:25.291Z","2018-05-17T19:22:24.048Z","2018-05-17T19:22:24.082Z","2018-05-17T19:22:25.213Z","8947984","2","2","3893.089","7911.5685234306","2"
"387","audio","2018-05-17T19:22:41.450Z","2018-05-17T19:22:41.362Z","2018-05-17T19:22:41.436Z","2018-05-17T19:22:41.446Z","65128","1.9619791666667","0","33.434","6512.8","1"
"388","video","2018-05-17T19:22:27.824Z","2018-05-17T19:22:26.563Z","2018-05-17T19:22:26.687Z","2018-05-17T19:22:27.748Z","7110696","2","2","3893.089","6701.8812441093","2"
"389","audio","2018-05-17T19:22:44.577Z","2018-05-17T19:22:44.225Z","2018-05-17T19:22:44.378Z","2018-05-17T19:22:44.559Z","66224","1.9619791666667","0","33.434","365.87845303867","1"
"390","video","2018-05-17T19:22:32.315Z","2018-05-17T19:22:31.408Z","2018-05-17T19:22:31.522Z","2018-05-17T19:22:32.279Z","5614432","2","2","3893.089","7416.6869220608","2"
"391","audio","2018-05-17T19:22:47.083Z","2018-05-17T19:22:46.679Z","2018-05-17T19:22:46.908Z","2018-05-17T19:22:47.054Z","65408","1.9619791666667","0","33.434","448","1"
"392","video","2018-05-17T19:22:34.986Z","2018-05-17T19:22:33.688Z","2018-05-17T19:22:33.798Z","2018-05-17T19:22:34.975Z","5548568","2","2","3893.089","4714.1614273577","2"
"393","audio","2018-05-17T19:22:54.583Z","2018-05-17T19:22:54.316Z","2018-05-17T19:22:54.564Z","2018-05-17T19:22:54.578Z","65296","1.9619791666667","0","33.434","4664","1"
"394","video","2018-05-17T19:22:37.623Z","2018-05-17T19:22:36.736Z","2018-05-17T19:22:36.842Z","2018-05-17T19:22:37.598Z","6447552","2","2","3893.089","8528.5079365079","2"
"395","audio","2018-05-17T19:22:56.594Z","2018-05-17T19:22:56.357Z","2018-05-17T19:22:56.426Z","2018-05-17T19:22:56.442Z","65928","1.9619791666667","0","33.434","4120.5","1"
"396","video","2018-05-17T19:22:39.975Z","2018-05-17T19:22:39.081Z","2018-05-17T19:22:39.200Z","2018-05-17T19:22:39.969Z","7119160","2","2","3893.089","9257.6853055917","2"
"397","audio","2018-05-17T19:22:59.353Z","2018-05-17T19:22:59.006Z","2018-05-17T19:22:59.236Z","2018-05-17T19:22:59.298Z","65664","1.9619791666667","0","33.434","1059.0967741935","1"
"398","video","2018-05-17T19:22:45.588Z","2018-05-17T19:22:44.153Z","2018-05-17T19:22:44.301Z","2018-05-17T19:22:45.512Z","8388088","2","2","3893.089","6926.5796862097","2"
"399","audio","2018-05-17T19:23:02.142Z","2018-05-17T19:23:01.736Z","2018-05-17T19:23:02.076Z","2018-05-17T19:23:02.140Z","65216","1.9619791666667","0","33.434","1019","1"
"400","video","2018-05-17T19:22:47.488Z","2018-05-17T19:22:46.670Z","2018-05-17T19:22:46.779Z","2018-05-17T19:22:47.475Z","5041984","2","2","3893.089","7244.2298850575","2"
"401","audio","2018-05-17T19:23:04.900Z","2018-05-17T19:23:04.377Z","2018-05-17T19:23:04.745Z","2018-05-17T19:23:04.880Z","65560","1.9619791666667","0","33.434","485.62962962963","1"
"402","video","2018-05-17T19:22:48.944Z","2018-05-17T19:22:47.884Z","2018-05-17T19:22:47.901Z","2018-05-17T19:22:48.914Z","6478544","2","2","3893.089","6395.403751234","2"
"403","audio","2018-05-17T19:23:10.707Z","2018-05-17T19:23:09.588Z","2018-05-17T19:23:10.580Z","2018-05-17T19:23:10.662Z","65552","1.9619791666667","0","33.434","799.41463414634","1"
"404","video","2018-05-17T19:22:55.186Z","2018-05-17T19:22:54.293Z","2018-05-17T19:22:54.343Z","2018-05-17T19:22:55.046Z","4267312","2","2","3893.089","6070.1450924609","2"
"405","audio","2018-05-17T19:23:16.111Z","2018-05-17T19:23:14.988Z","2018-05-17T19:23:16.008Z","2018-05-17T19:23:16.109Z","65296","1.9619791666667","0","33.434","646.49504950495","1"
"406","video","2018-05-17T19:22:57.366Z","2018-05-17T19:22:56.325Z","2018-05-17T19:22:56.372Z","2018-05-17T19:22:57.348Z","7586880","2","2","3893.089","7773.4426229508","2"
"407","audio","2018-05-17T19:23:21.941Z","2018-05-17T19:23:21.487Z","2018-05-17T19:23:21.753Z","2018-05-17T19:23:21.893Z","65712","1.9619791666667","0","33.434","469.37142857143","1"
"408","video","2018-05-17T19:23:02.964Z","2018-05-17T19:23:01.689Z","2018-05-17T19:23:01.792Z","2018-05-17T19:23:02.849Z","8695168","2","2","3893.089","8226.270577105","2"
"409","audio","2018-05-17T19:23:24.723Z","2018-05-17T19:23:24.310Z","2018-05-17T19:23:24.606Z","2018-05-17T19:23:24.694Z","65712","1.9619791666667","0","33.434","746.72727272727","1"
"410","video","2018-05-17T19:23:05.512Z","2018-05-17T19:23:04.349Z","2018-05-17T19:23:04.520Z","2018-05-17T19:23:05.486Z","8146056","2","2","3893.089","8432.7701863354","2"
"411","audio","2018-05-17T19:23:26.762Z","2018-05-17T19:23:26.553Z","2018-05-17T19:23:26.690Z","2018-05-17T19:23:26.739Z","65632","1.9619791666667","0","33.434","1339.4285714286","1"
"412","video","2018-05-17T19:23:11.152Z","2018-05-17T19:23:09.531Z","2018-05-17T19:23:09.703Z","2018-05-17T19:23:11.138Z","9276712","2","2","3893.089","6464.6076655052","2"
"413","audio","2018-05-17T19:23:29.114Z","2018-05-17T19:23:28.949Z","2018-05-17T19:23:28.961Z","2018-05-17T19:23:29.031Z","65080","1.9619791666667","0","33.434","929.71428571429","1"
"414","video","2018-05-17T19:23:13.309Z","2018-05-17T19:23:11.826Z","2018-05-17T19:23:12.108Z","2018-05-17T19:23:13.244Z","7330144","2","2","3893.089","6452.5915492958","2"
"415","audio","2018-05-17T19:23:31.546Z","2018-05-17T19:23:31.412Z","2018-05-17T19:23:31.478Z","2018-05-17T19:23:31.525Z","66240","1.9619791666667","0","33.434","1409.3617021277","1"
"416","video","2018-05-17T19:23:16.313Z","2018-05-17T19:23:14.924Z","2018-05-17T19:23:15.146Z","2018-05-17T19:23:16.278Z","10584096","2","2","3893.089","9349.9081272085","2"
"417","audio","2018-05-17T19:23:34.460Z","2018-05-17T19:23:34.090Z","2018-05-17T19:23:34.402Z","2018-05-17T19:23:34.445Z","65424","1.9619791666667","0","33.434","1521.488372093","1"
"418","video","2018-05-17T19:23:19.654Z","2018-05-17T19:23:18.651Z","2018-05-17T19:23:18.764Z","2018-05-17T19:23:19.640Z","7763880","2","2","3893.089","8862.8767123288","2"
"419","audio","2018-05-17T19:23:46.500Z","2018-05-17T19:23:46.275Z","2018-05-17T19:23:46.342Z","2018-05-17T19:23:46.426Z","65328","1.9619791666667","0","33.434","777.71428571429","1"
"420","video","2018-05-17T19:23:22.496Z","2018-05-17T19:23:21.483Z","2018-05-17T19:23:21.519Z","2018-05-17T19:23:22.489Z","7330816","2","2","3893.089","7557.5422680412","2"
"421","audio","2018-05-17T19:23:46.998Z","2018-05-17T19:23:46.716Z","2018-05-17T19:23:46.920Z","2018-05-17T19:23:46.986Z","65520","1.9619791666667","0","33.434","992.72727272727","1"
"422","video","2018-05-17T19:23:25.204Z","2018-05-17T19:23:24.267Z","2018-05-17T19:23:24.381Z","2018-05-17T19:23:25.202Z","6768736","2","2","3893.089","8244.5018270402","2"
"423","audio","2018-05-17T19:23:52.307Z","2018-05-17T19:23:51.547Z","2018-05-17T19:23:52.060Z","2018-05-17T19:23:52.280Z","64904","1.9619791666667","0","33.434","295.01818181818","1"
"424","video","2018-05-17T19:23:33.034Z","2018-05-17T19:23:31.382Z","2018-05-17T19:23:31.450Z","2018-05-17T19:23:32.980Z","7456104","2","2","3893.089","4873.2705882353","2"
"425","audio","2018-05-17T19:23:53.463Z","2018-05-17T19:23:52.514Z","2018-05-17T19:23:53.299Z","2018-05-17T19:23:53.415Z","66056","1.9619791666667","0","33.434","569.44827586207","1"
"426","video","2018-05-17T19:23:35.705Z","2018-05-17T19:23:34.042Z","2018-05-17T19:23:34.228Z","2018-05-17T19:23:35.610Z","9362552","2","2","3893.089","6774.6396526773","2"
"427","audio","2018-05-17T19:23:55.084Z","2018-05-17T19:23:54.053Z","2018-05-17T19:23:54.852Z","2018-05-17T19:23:55.053Z","65560","1.9619791666667","0","33.434","326.16915422886","1"
"428","video","2018-05-17T19:23:37.441Z","2018-05-17T19:23:36.121Z","2018-05-17T19:23:36.336Z","2018-05-17T19:23:37.416Z","8727880","2","2","3893.089","8081.3703703704","2"
"429","audio","2018-05-17T19:23:56.948Z","2018-05-17T19:23:56.544Z","2018-05-17T19:23:56.909Z","2018-05-17T19:23:56.942Z","66208","1.9619791666667","0","33.434","2006.303030303","1"
"430","video","2018-05-17T19:23:40.137Z","2018-05-17T19:23:38.762Z","2018-05-17T19:23:38.875Z","2018-05-17T19:23:40.084Z","8337320","2","2","3893.089","6896.0463192721","2"
"431","audio","2018-05-17T19:23:58.051Z","2018-05-17T19:23:57.836Z","2018-05-17T19:23:57.957Z","2018-05-17T19:23:58.004Z","65760","1.9619791666667","0","33.434","1399.1489361702","1"
"432","audio","2018-05-17T19:23:58.544Z","2018-05-17T19:23:58.197Z","2018-05-17T19:23:58.497Z","2018-05-17T19:23:58.523Z","65144","1.9619791666667","0","33.434","2505.5384615385","1"
"433","video","2018-05-17T19:23:42.301Z","2018-05-17T19:23:40.410Z","2018-05-17T19:23:40.679Z","2018-05-17T19:23:42.293Z","8511320","2","2","3893.089","5273.4324659232","2"
"434","audio","2018-05-17T19:24:00.886Z","2018-05-17T19:24:00.182Z","2018-05-17T19:24:00.837Z","2018-05-17T19:24:00.877Z","65696","1.9619791666667","0","33.434","1642.4","1"
"435","video","2018-05-17T19:23:48.196Z","2018-05-17T19:23:47.311Z","2018-05-17T19:23:47.442Z","2018-05-17T19:23:48.146Z","6917488","2","2","3893.089","9825.9772727273","2"
"436","video","2018-05-17T19:23:52.428Z","2018-05-17T19:23:51.415Z","2018-05-17T19:23:51.680Z","2018-05-17T19:23:52.409Z","5056040","2","2","3893.089","6935.5829903978","2"
"437","audio","2018-05-17T19:24:01.859Z","2018-05-17T19:24:01.154Z","2018-05-17T19:24:01.768Z","2018-05-17T19:24:01.847Z","66136","1.9619791666667","0","33.434","837.16455696203","1"
"438","audio","2018-05-17T19:24:03.624Z","2018-05-17T19:24:03.544Z","2018-05-17T19:24:03.560Z","2018-05-17T19:24:03.586Z","65160","1.9619791666667","0","33.434","2506.1538461538","1"
"439","video","2018-05-17T19:23:54.989Z","2018-05-17T19:23:52.479Z","2018-05-17T19:23:53.059Z","2018-05-17T19:23:54.956Z","10477608","2","2","3893.089","5523.2514496574","2"
"440","audio","2018-05-17T19:24:03.984Z","2018-05-17T19:24:03.758Z","2018-05-17T19:24:03.886Z","2018-05-17T19:24:03.937Z","65808","1.9619791666667","0","33.434","1290.3529411765","1"
"441","video","2018-05-17T19:23:55.490Z","2018-05-17T19:23:53.164Z","2018-05-17T19:23:54.127Z","2018-05-17T19:23:55.394Z","10703664","2","2","3893.089","8448.0378847672","2"
"442","video","2018-05-17T19:23:57.558Z","2018-05-17T19:23:56.522Z","2018-05-17T19:23:56.632Z","2018-05-17T19:23:57.449Z","6380856","2","2","3893.089","7810.1052631579","2"
"443","audio","2018-05-17T19:24:14.959Z","2018-05-17T19:24:14.359Z","2018-05-17T19:24:14.653Z","2018-05-17T19:24:14.928Z","65272","1.9619791666667","0","33.434","237.35272727273","1"
"444","video","2018-05-17T19:24:01.833Z","2018-05-17T19:24:00.152Z","2018-05-17T19:24:00.440Z","2018-05-17T19:24:01.831Z","10444872","2","2","3893.089","7508.8943206326","2"
"445","audio","2018-05-17T19:24:16.302Z","2018-05-17T19:24:16.158Z","2018-05-17T19:24:16.295Z","2018-05-17T19:24:16.299Z","65656","1.9619791666667","0","33.434","16414","1"
"446","video","2018-05-17T19:24:07.274Z","2018-05-17T19:24:06.374Z","2018-05-17T19:24:06.431Z","2018-05-17T19:24:07.192Z","5181352","2","2","3893.089","6808.6097240473","2"
"447","audio","2018-05-17T19:24:17.697Z","2018-05-17T19:24:17.388Z","2018-05-17T19:24:17.569Z","2018-05-17T19:24:17.662Z","65504","1.9619791666667","0","33.434","704.34408602151","1"
