"1","video","2018-04-22T18:45:26.242Z","2018-04-22T18:45:25.213Z","2018-04-22T18:45:25.270Z","2018-04-22T18:45:26.232Z","3245912","2","0","1046.778","3374.1288981289","1"
"2","video","2018-04-22T18:45:26.274Z","2018-04-22T18:45:25.370Z","2018-04-22T18:45:25.498Z","2018-04-22T18:45:26.272Z","2201368","2","0","1046.778","2844.1447028424","1"
"3","video","2018-04-22T18:45:28.133Z","2018-04-22T18:45:27.685Z","2018-04-22T18:45:27.703Z","2018-04-22T18:45:28.128Z","2362584","2","0","1046.778","5559.0211764706","1"
"4","video","2018-04-22T18:45:29.004Z","2018-04-22T18:45:28.459Z","2018-04-22T18:45:28.484Z","2018-04-22T18:45:28.997Z","2180184","2","0","1046.778","4249.8713450292","1"
"5","video","2018-04-22T18:45:29.285Z","2018-04-22T18:45:28.486Z","2018-04-22T18:45:28.588Z","2018-04-22T18:45:29.272Z","2367560","2","0","1046.778","3461.3450292398","1"
"6","video","2018-04-22T18:45:30.605Z","2018-04-22T18:45:30.184Z","2018-04-22T18:45:30.205Z","2018-04-22T18:45:30.603Z","2294840","2","0","1046.778","5765.9296482412","1"
"7","video","2018-04-22T18:45:31.222Z","2018-04-22T18:45:30.874Z","2018-04-22T18:45:30.884Z","2018-04-22T18:45:31.219Z","1940344","2","0","1046.778","5792.071641791","1"
"8","video","2018-04-22T18:45:31.708Z","2018-04-22T18:45:31.290Z","2018-04-22T18:45:31.318Z","2018-04-22T18:45:31.632Z","1859056","2","0","1046.778","5920.5605095541","1"
"9","video","2018-04-22T18:45:33.147Z","2018-04-22T18:45:32.783Z","2018-04-22T18:45:32.864Z","2018-04-22T18:45:33.128Z","1611680","2","1","1950.145","6104.8484848485","1"
"10","video","2018-04-22T18:45:33.634Z","2018-04-22T18:45:33.213Z","2018-04-22T18:45:33.369Z","2018-04-22T18:45:33.622Z","1714616","2","1","1950.145","6777.1383399209","1"
"11","video","2018-04-22T18:45:34.225Z","2018-04-22T18:45:33.708Z","2018-04-22T18:45:33.735Z","2018-04-22T18:45:34.223Z","2545464","2","1","1950.145","5216.1147540984","1"
"12","video","2018-04-22T18:45:35.284Z","2018-04-22T18:45:34.322Z","2018-04-22T18:45:34.366Z","2018-04-22T18:45:35.276Z","4891072","2","1","1950.145","5374.8043956044","1"
"13","video","2018-04-22T18:45:36.288Z","2018-04-22T18:45:34.833Z","2018-04-22T18:45:35.015Z","2018-04-22T18:45:36.250Z","5883584","2","1","1950.145","4764.0356275304","1"
"14","video","2018-04-22T18:45:38.843Z","2018-04-22T18:45:37.703Z","2018-04-22T18:45:37.756Z","2018-04-22T18:45:38.790Z","4421736","2","1","1950.145","4276.3404255319","1"
"15","video","2018-04-22T18:45:40.796Z","2018-04-22T18:45:38.159Z","2018-04-22T18:45:38.371Z","2018-04-22T18:45:40.780Z","8280592","2","2","3893.089","3437.3565794936","1"
"16","video","2018-04-22T18:45:41.514Z","2018-04-22T18:45:39.130Z","2018-04-22T18:45:39.272Z","2018-04-22T18:45:41.508Z","8253168","2","2","3893.089","3691.0411449016","1"
"17","video","2018-04-22T18:45:42.839Z","2018-04-22T18:45:41.341Z","2018-04-22T18:45:41.515Z","2018-04-22T18:45:42.834Z","7558920","2","2","3893.089","5730.7960576194","1"
"18","video","2018-04-22T18:45:46.807Z","2018-04-22T18:45:45.215Z","2018-04-22T18:45:45.230Z","2018-04-22T18:45:46.798Z","8887328","2","2","3893.089","5667.9387755102","1"
"19","video","2018-04-22T18:45:48.195Z","2018-04-22T18:45:46.535Z","2018-04-22T18:45:46.814Z","2018-04-22T18:45:48.131Z","7013704","2","2","3893.089","5325.5155656796","1"
"20","video","2018-04-22T18:45:49.567Z","2018-04-22T18:45:47.813Z","2018-04-22T18:45:48.003Z","2018-04-22T18:45:49.565Z","8392816","2","2","3893.089","5373.1216389245","1"
"21","video","2018-04-22T18:45:50.930Z","2018-04-22T18:45:49.383Z","2018-04-22T18:45:49.569Z","2018-04-22T18:45:50.928Z","7552728","2","2","3893.089","5557.5629139073","1"
"22","video","2018-04-22T18:45:52.417Z","2018-04-22T18:45:51.092Z","2018-04-22T18:45:51.137Z","2018-04-22T18:45:52.405Z","7257632","2","2","3893.089","5723.6845425868","1"
"23","video","2018-04-22T18:45:54.010Z","2018-04-22T18:45:52.462Z","2018-04-22T18:45:52.483Z","2018-04-22T18:45:54.007Z","7299968","2","2","3893.089","4790.0052493438","1"
"24","video","2018-04-22T18:45:55.621Z","2018-04-22T18:45:52.512Z","2018-04-22T18:45:52.979Z","2018-04-22T18:45:55.605Z","9465104","2","2","3893.089","3604.3808073115","1"
"25","video","2018-04-22T18:45:59.102Z","2018-04-22T18:45:57.718Z","2018-04-22T18:45:57.916Z","2018-04-22T18:45:59.070Z","7356352","2","2","3893.089","6374.6551126516","1"
"26","video","2018-04-22T18:46:02.679Z","2018-04-22T18:46:00.389Z","2018-04-22T18:46:00.495Z","2018-04-22T18:46:02.663Z","9056208","2","2","3893.089","4177.2177121771","1"
"27","video","2018-04-22T18:46:04.060Z","2018-04-22T18:46:00.478Z","2018-04-22T18:46:00.744Z","2018-04-22T18:46:04.045Z","8483904","2","2","3893.089","2570.1011814602","1"
"28","video","2018-04-22T18:46:04.889Z","2018-04-22T18:46:02.973Z","2018-04-22T18:46:03.212Z","2018-04-22T18:46:04.861Z","6905384","2","2","3893.089","4187.6191631292","1"
"29","video","2018-04-22T18:46:06.868Z","2018-04-22T18:46:05.141Z","2018-04-22T18:46:05.158Z","2018-04-22T18:46:06.841Z","9253960","2","2","3893.089","5498.4907902555","1"
"30","video","2018-04-22T18:46:07.405Z","2018-04-22T18:46:06.791Z","2018-04-22T18:46:06.909Z","2018-04-22T18:46:07.395Z","2361496","2","2","3893.089","4859.0452674897","1"
"31","video","2018-04-22T18:46:08.006Z","2018-04-22T18:46:06.890Z","2018-04-22T18:46:07.429Z","2018-04-22T18:46:07.989Z","2937240","2","2","3893.089","5245.0714285714","1"
"32","video","2018-04-22T18:46:11.482Z","2018-04-22T18:46:10.214Z","2018-04-22T18:46:10.260Z","2018-04-22T18:46:11.462Z","5646640","2","2","3893.089","4697.7038269551","1"
"33","video","2018-04-22T18:46:12.937Z","2018-04-22T18:46:10.774Z","2018-04-22T18:46:10.915Z","2018-04-22T18:46:12.924Z","8079904","2","2","3893.089","4021.8536585366","1"
"34","video","2018-04-22T18:46:14.587Z","2018-04-22T18:46:12.846Z","2018-04-22T18:46:12.940Z","2018-04-22T18:46:14.576Z","8064392","2","2","3893.089","4929.3349633252","1"
"35","video","2018-04-22T18:46:16.972Z","2018-04-22T18:46:14.725Z","2018-04-22T18:46:15.153Z","2018-04-22T18:46:16.960Z","9187056","2","2","3893.089","5084.1483121195","1"
"36","video","2018-04-22T18:46:19.434Z","2018-04-22T18:46:17.930Z","2018-04-22T18:46:18.169Z","2018-04-22T18:46:19.399Z","5621064","2","2","3893.089","4569.9707317073","1"
"37","video","2018-04-22T18:46:19.504Z","2018-04-22T18:46:14.049Z","2018-04-22T18:46:14.603Z","2018-04-22T18:46:19.489Z","10264592","2","2","3893.089","2100.817028244","1"
"38","video","2018-04-22T18:46:21.365Z","2018-04-22T18:46:19.772Z","2018-04-22T18:46:19.865Z","2018-04-22T18:46:21.347Z","7053184","2","2","3893.089","4759.2334682861","1"
"39","video","2018-04-22T18:46:22.582Z","2018-04-22T18:46:19.890Z","2018-04-22T18:46:20.238Z","2018-04-22T18:46:22.575Z","8565376","2","2","3893.089","3665.1159606333","1"
"40","video","2018-04-22T18:46:27.998Z","2018-04-22T18:46:24.675Z","2018-04-22T18:46:24.722Z","2018-04-22T18:46:27.975Z","10329208","2","2","3893.089","3175.2868121734","1"
"41","video","2018-04-22T18:46:28.274Z","2018-04-22T18:46:24.659Z","2018-04-22T18:46:24.689Z","2018-04-22T18:46:28.270Z","9570272","2","2","3893.089","2672.5138229545","1"
"42","video","2018-04-22T18:46:33.965Z","2018-04-22T18:46:32.714Z","2018-04-22T18:46:32.748Z","2018-04-22T18:46:33.961Z","6843704","2","2","3893.089","5641.9653751031","1"
"43","video","2018-04-22T18:46:39.281Z","2018-04-22T18:46:37.727Z","2018-04-22T18:46:37.764Z","2018-04-22T18:46:39.279Z","8683424","2","2","3893.089","5731.6330033003","1"
"44","video","2018-04-22T18:46:39.871Z","2018-04-22T18:46:38.940Z","2018-04-22T18:46:39.294Z","2018-04-22T18:46:39.853Z","2988528","2","2","3893.089","5346.2039355993","1"
"45","video","2018-04-22T18:46:42.246Z","2018-04-22T18:46:40.761Z","2018-04-22T18:46:40.850Z","2018-04-22T18:46:42.243Z","6761024","2","2","3893.089","4853.5707106963","1"
"46","video","2018-04-22T18:46:43.160Z","2018-04-22T18:46:41.321Z","2018-04-22T18:46:41.473Z","2018-04-22T18:46:43.150Z","5888904","2","2","3893.089","3511.5706618962","1"
"47","video","2018-04-22T18:46:44.832Z","2018-04-22T18:46:43.073Z","2018-04-22T18:46:43.162Z","2018-04-22T18:46:44.827Z","9406944","2","2","3893.089","5649.8162162162","1"
"48","video","2018-04-22T18:46:45.936Z","2018-04-22T18:46:44.468Z","2018-04-22T18:46:44.686Z","2018-04-22T18:46:45.923Z","4414888","2","2","3893.089","3569.0282942603","1"
"49","video","2018-04-22T18:46:47.560Z","2018-04-22T18:46:45.771Z","2018-04-22T18:46:45.938Z","2018-04-22T18:46:47.479Z","6657768","2","2","3893.089","4320.4205061648","1"
"50","video","2018-04-22T18:46:49.305Z","2018-04-22T18:46:46.241Z","2018-04-22T18:46:46.448Z","2018-04-22T18:46:49.290Z","8935040","2","2","3893.089","3143.9268121042","1"
"51","video","2018-04-22T18:46:50.038Z","2018-04-22T18:46:47.679Z","2018-04-22T18:46:48.385Z","2018-04-22T18:46:50.025Z","6935440","2","2","3893.089","4228.9268292683","1"
"52","video","2018-04-22T18:46:51.576Z","2018-04-22T18:46:49.730Z","2018-04-22T18:46:50.045Z","2018-04-22T18:46:51.563Z","9611528","2","2","3893.089","6331.7048748353","1"
"53","video","2018-04-22T18:46:54.094Z","2018-04-22T18:46:52.742Z","2018-04-22T18:46:52.747Z","2018-04-22T18:46:54.083Z","7512168","2","2","3893.089","5622.880239521","1"
"54","video","2018-04-22T18:46:55.915Z","2018-04-22T18:46:54.260Z","2018-04-22T18:46:54.339Z","2018-04-22T18:46:55.912Z","8376368","2","2","3893.089","5325.0909090909","1"
"55","video","2018-04-22T18:46:57.213Z","2018-04-22T18:46:54.289Z","2018-04-22T18:46:54.753Z","2018-04-22T18:46:57.206Z","7744336","2","2","3893.089","3157.0876477782","1"
"56","video","2018-04-22T18:46:57.777Z","2018-04-22T18:46:57.713Z","2018-04-22T18:46:57.729Z","2018-04-22T18:46:57.764Z","7744336","2","2","3893.089","221266.74285714","1"
"57","video","2018-04-22T18:47:04.537Z","2018-04-22T18:47:02.720Z","2018-04-22T18:47:02.744Z","2018-04-22T18:47:04.526Z","8330872","2","2","3893.089","4675.012345679","1"
"58","video","2018-04-22T18:47:05.544Z","2018-04-22T18:47:02.756Z","2018-04-22T18:47:02.947Z","2018-04-22T18:47:05.541Z","7019816","2","2","3893.089","2706.1742482652","1"
"59","video","2018-04-22T18:47:07.144Z","2018-04-22T18:47:05.288Z","2018-04-22T18:47:05.426Z","2018-04-22T18:47:07.142Z","9114880","2","2","3893.089","5311.7016317016","1"
"60","video","2018-04-22T18:47:08.552Z","2018-04-22T18:47:07.070Z","2018-04-22T18:47:07.145Z","2018-04-22T18:47:08.544Z","7270224","2","2","3893.089","5196.7290922087","1"
"61","video","2018-04-22T18:47:09.842Z","2018-04-22T18:47:07.188Z","2018-04-22T18:47:07.563Z","2018-04-22T18:47:09.828Z","8020224","2","2","3893.089","3540.9377483444","1"
"62","video","2018-04-22T18:47:14.411Z","2018-04-22T18:47:12.651Z","2018-04-22T18:47:12.678Z","2018-04-22T18:47:14.408Z","9751544","2","2","3893.089","5636.7306358382","1"
"63","video","2018-04-22T18:47:16.307Z","2018-04-22T18:47:14.916Z","2018-04-22T18:47:14.938Z","2018-04-22T18:47:16.296Z","7309360","2","2","3893.089","5382.4447717231","1"
"64","video","2018-04-22T18:47:18.693Z","2018-04-22T18:47:15.646Z","2018-04-22T18:47:16.128Z","2018-04-22T18:47:18.663Z","8061264","2","2","3893.089","3179.9857988166","1"
"65","video","2018-04-22T18:47:19.251Z","2018-04-22T18:47:16.728Z","2018-04-22T18:47:16.919Z","2018-04-22T18:47:19.248Z","6634344","2","2","3893.089","2848.5805066552","1"
"66","video","2018-04-22T18:47:20.668Z","2018-04-22T18:47:18.759Z","2018-04-22T18:47:18.921Z","2018-04-22T18:47:20.636Z","9417848","2","2","3893.089","5491.4565597668","1"
"67","video","2018-04-22T18:47:24.179Z","2018-04-22T18:47:22.723Z","2018-04-22T18:47:22.758Z","2018-04-22T18:47:24.175Z","8035152","2","2","3893.089","5670.5377558222","1"
"68","video","2018-04-22T18:47:26.140Z","2018-04-22T18:47:24.446Z","2018-04-22T18:47:24.526Z","2018-04-22T18:47:26.136Z","7607448","2","2","3893.089","4725.1229813665","1"
"69","video","2018-04-22T18:47:27.263Z","2018-04-22T18:47:24.496Z","2018-04-22T18:47:24.883Z","2018-04-22T18:47:27.260Z","8033240","2","2","3893.089","3379.5708876735","1"
"70","video","2018-04-22T18:47:29.451Z","2018-04-22T18:47:27.928Z","2018-04-22T18:47:27.962Z","2018-04-22T18:47:29.440Z","8359456","2","2","3893.089","5655.9242219215","1"
"71","video","2018-04-22T18:47:34.095Z","2018-04-22T18:47:32.742Z","2018-04-22T18:47:32.759Z","2018-04-22T18:47:34.079Z","7479976","2","2","3893.089","5666.6484848485","1"
"72","video","2018-04-22T18:47:35.991Z","2018-04-22T18:47:34.220Z","2018-04-22T18:47:34.262Z","2018-04-22T18:47:35.978Z","8153888","2","2","3893.089","4751.682983683","1"
"73","video","2018-04-22T18:47:37.251Z","2018-04-22T18:47:34.240Z","2018-04-22T18:47:34.844Z","2018-04-22T18:47:37.220Z","7946968","2","2","3893.089","3344.6835016835","1"
"74","video","2018-04-22T18:47:41.815Z","2018-04-22T18:47:40.152Z","2018-04-22T18:47:40.229Z","2018-04-22T18:47:41.764Z","8743024","2","2","3893.089","5695.7811074919","1"
"75","video","2018-04-22T18:47:44.067Z","2018-04-22T18:47:42.868Z","2018-04-22T18:47:42.913Z","2018-04-22T18:47:44.031Z","6205608","2","2","3893.089","5550.633273703","1"
"76","video","2018-04-22T18:47:44.319Z","2018-04-22T18:47:42.939Z","2018-04-22T18:47:44.076Z","2018-04-22T18:47:44.306Z","6205608","2","2","3893.089","26980.904347826","1"
"77","video","2018-04-22T18:47:44.817Z","2018-04-22T18:47:44.464Z","2018-04-22T18:47:44.526Z","2018-04-22T18:47:44.809Z","1531472","2","0","1046.778","5411.5618374558","1"
"78","video","2018-04-22T18:47:45.117Z","2018-04-22T18:47:44.502Z","2018-04-22T18:47:44.657Z","2018-04-22T18:47:45.115Z","1960576","2","0","1046.778","4280.7336244541","1"
"79","video","2018-04-22T18:47:46.011Z","2018-04-22T18:47:45.308Z","2018-04-22T18:47:45.373Z","2018-04-22T18:47:45.994Z","3521504","2","1","1950.145","5670.6988727858","1"
"80","video","2018-04-22T18:47:46.763Z","2018-04-22T18:47:45.774Z","2018-04-22T18:47:45.886Z","2018-04-22T18:47:46.751Z","2197592","2","0","1046.778","2540.5687861272","1"
"81","video","2018-04-22T18:47:47.320Z","2018-04-22T18:47:46.320Z","2018-04-22T18:47:46.786Z","2018-04-22T18:47:47.299Z","4452168","2","1","1950.145","8678.6900584795","1"
"82","video","2018-04-22T18:47:47.744Z","2018-04-22T18:47:47.002Z","2018-04-22T18:47:47.325Z","2018-04-22T18:47:47.742Z","1960464","2","0","1046.778","4701.3525179856","1"
"83","video","2018-04-22T18:47:48.305Z","2018-04-22T18:47:47.410Z","2018-04-22T18:47:47.620Z","2018-04-22T18:47:48.302Z","3973904","2","1","1950.145","5826.8387096774","1"
"84","video","2018-04-22T18:47:51.445Z","2018-04-22T18:47:50.247Z","2018-04-22T18:47:50.300Z","2018-04-22T18:47:51.426Z","5356224","2","1","1950.145","4756.8596802842","1"
"85","video","2018-04-22T18:47:53.193Z","2018-04-22T18:47:51.627Z","2018-04-22T18:47:51.773Z","2018-04-22T18:47:53.179Z","3549576","2","1","1950.145","2524.5917496444","1"
"86","video","2018-04-22T18:47:53.849Z","2018-04-22T18:47:50.941Z","2018-04-22T18:47:51.080Z","2018-04-22T18:47:53.838Z","11254424","2","2","3893.089","4080.6468455402","1"
"87","video","2018-04-22T18:47:55.497Z","2018-04-22T18:47:54.076Z","2018-04-22T18:47:54.219Z","2018-04-22T18:47:55.493Z","7614304","2","2","3893.089","5976.6907378336","1"
"88","video","2018-04-22T18:47:58.208Z","2018-04-22T18:47:57.720Z","2018-04-22T18:47:57.744Z","2018-04-22T18:47:58.168Z","2409312","2","1","1950.145","5682.3396226415","1"
"89","video","2018-04-22T18:48:00.130Z","2018-04-22T18:47:58.994Z","2018-04-22T18:47:59.045Z","2018-04-22T18:48:00.087Z","4691824","2","2","3893.089","4502.7101727447","1"
"90","video","2018-04-22T18:48:02.428Z","2018-04-22T18:48:00.287Z","2018-04-22T18:48:00.494Z","2018-04-22T18:48:02.424Z","10629848","2","2","3893.089","5507.6932642487","1"
"91","video","2018-04-22T18:48:04.940Z","2018-04-22T18:48:02.744Z","2018-04-22T18:48:03.147Z","2018-04-22T18:48:04.913Z","8802200","2","2","3893.089","4984.2582106455","1"
"92","video","2018-04-22T18:48:05.694Z","2018-04-22T18:48:01.332Z","2018-04-22T18:48:01.927Z","2018-04-22T18:48:05.690Z","8686976","2","2","3893.089","2308.5240499601","1"
"93","video","2018-04-22T18:48:06.684Z","2018-04-22T18:48:05.655Z","2018-04-22T18:48:05.697Z","2018-04-22T18:48:06.676Z","5660408","2","2","3893.089","5781.8263534219","1"
"94","video","2018-04-22T18:48:08.324Z","2018-04-22T18:48:07.485Z","2018-04-22T18:48:07.965Z","2018-04-22T18:48:08.320Z","1535848","2","0","1046.778","4326.3323943662","1"
"95","video","2018-04-22T18:48:09.528Z","2018-04-22T18:48:07.421Z","2018-04-22T18:48:07.475Z","2018-04-22T18:48:09.525Z","10212664","2","2","3893.089","4981.7873170732","1"
"96","video","2018-04-22T18:48:10.743Z","2018-04-22T18:48:10.285Z","2018-04-22T18:48:10.294Z","2018-04-22T18:48:10.738Z","2500800","2","0","1046.778","5632.4324324324","1"
"97","video","2018-04-22T18:48:12.849Z","2018-04-22T18:48:12.348Z","2018-04-22T18:48:12.609Z","2018-04-22T18:48:12.843Z","2546088","2","0","1046.778","10880.717948718","1"
"98","video","2018-04-22T18:48:13.202Z","2018-04-22T18:48:12.518Z","2018-04-22T18:48:12.792Z","2018-04-22T18:48:13.194Z","2085224","2","0","1046.778","5187.1243781095","1"
"99","video","2018-04-22T18:48:15.439Z","2018-04-22T18:48:15.206Z","2018-04-22T18:48:15.223Z","2018-04-22T18:48:15.432Z","1235528","2","0","1046.778","5911.6172248804","1"
"100","video","2018-04-22T18:48:16.026Z","2018-04-22T18:48:15.608Z","2018-04-22T18:48:15.645Z","2018-04-22T18:48:16.024Z","2226624","2","0","1046.778","5874.9973614776","1"
"101","video","2018-04-22T18:48:16.703Z","2018-04-22T18:48:15.626Z","2018-04-22T18:48:15.916Z","2018-04-22T18:48:16.701Z","3946280","2","2","3893.089","5027.1082802548","1"
"102","video","2018-04-22T18:48:20.321Z","2018-04-22T18:48:20.150Z","2018-04-22T18:48:20.164Z","2018-04-22T18:48:20.319Z","822368","2","0","1046.778","5305.6","1"
"103","video","2018-04-22T18:48:20.525Z","2018-04-22T18:48:20.305Z","2018-04-22T18:48:20.323Z","2018-04-22T18:48:20.523Z","1105016","2","0","1046.778","5525.08","1"
"104","video","2018-04-22T18:48:21.255Z","2018-04-22T18:48:20.935Z","2018-04-22T18:48:20.948Z","2018-04-22T18:48:21.253Z","1732880","2","0","1046.778","5681.5737704918","1"
"105","video","2018-04-22T18:48:24.156Z","2018-04-22T18:48:22.998Z","2018-04-22T18:48:23.113Z","2018-04-22T18:48:24.146Z","3670800","2","1","1950.145","3553.5333978703","1"
"106","video","2018-04-22T18:48:24.640Z","2018-04-22T18:48:22.690Z","2018-04-22T18:48:22.709Z","2018-04-22T18:48:24.631Z","7190120","2","1","1950.145","3740.9573361082","1"
"107","video","2018-04-22T18:48:26.084Z","2018-04-22T18:48:25.238Z","2018-04-22T18:48:25.287Z","2018-04-22T18:48:26.053Z","4350992","2","1","1950.145","5680.1462140992","1"
"108","video","2018-04-22T18:48:29.583Z","2018-04-22T18:48:27.161Z","2018-04-22T18:48:27.186Z","2018-04-22T18:48:29.577Z","8417144","2","2","3893.089","3520.3446256796","1"
"109","video","2018-04-22T18:48:30.256Z","2018-04-22T18:48:27.190Z","2018-04-22T18:48:27.259Z","2018-04-22T18:48:30.249Z","8549832","2","2","3893.089","2859.4755852843","1"
"110","video","2018-04-22T18:48:31.747Z","2018-04-22T18:48:30.210Z","2018-04-22T18:48:30.257Z","2018-04-22T18:48:31.738Z","8486088","2","2","3893.089","5729.9716407833","1"
"111","video","2018-04-22T18:48:38.297Z","2018-04-22T18:48:37.649Z","2018-04-22T18:48:37.751Z","2018-04-22T18:48:38.281Z","3192008","2","2","3893.089","6022.6566037736","1"
"112","video","2018-04-22T18:48:42.284Z","2018-04-22T18:48:40.825Z","2018-04-22T18:48:41.426Z","2018-04-22T18:48:42.260Z","2238336","2","0","1046.778","2683.8561151079","1"
"113","video","2018-04-22T18:48:42.320Z","2018-04-22T18:48:41.355Z","2018-04-22T18:48:41.609Z","2018-04-22T18:48:42.299Z","1867640","2","0","1046.778","2706.7246376812","1"
"114","video","2018-04-22T18:48:43.341Z","2018-04-22T18:48:43.165Z","2018-04-22T18:48:43.217Z","2018-04-22T18:48:43.325Z","851328","2","0","1046.778","7882.6666666667","1"
"115","video","2018-04-22T18:48:44.688Z","2018-04-22T18:48:43.877Z","2018-04-22T18:48:43.950Z","2018-04-22T18:48:44.683Z","3017568","2","0","1046.778","4116.7366984993","1"
"116","video","2018-04-22T18:48:45.026Z","2018-04-22T18:48:43.953Z","2018-04-22T18:48:44.083Z","2018-04-22T18:48:44.978Z","2287000","2","0","1046.778","2555.3072625698","1"
"117","video","2018-04-22T18:48:45.680Z","2018-04-22T18:48:45.373Z","2018-04-22T18:48:45.427Z","2018-04-22T18:48:45.675Z","1552216","2","0","1046.778","6258.935483871","1"
"118","video","2018-04-22T18:48:46.709Z","2018-04-22T18:48:46.269Z","2018-04-22T18:48:46.309Z","2018-04-22T18:48:46.706Z","1620752","2","0","1046.778","4082.4987405542","1"
"119","video","2018-04-22T18:48:46.937Z","2018-04-22T18:48:46.290Z","2018-04-22T18:48:46.371Z","2018-04-22T18:48:46.934Z","1948624","2","0","1046.778","3461.1438721137","1"
"120","video","2018-04-22T18:48:48.380Z","2018-04-22T18:48:47.750Z","2018-04-22T18:48:47.788Z","2018-04-22T18:48:48.373Z","3494944","2","1","1950.145","5974.2632478632","1"
"121","video","2018-04-22T18:48:48.942Z","2018-04-22T18:48:48.321Z","2018-04-22T18:48:48.404Z","2018-04-22T18:48:48.936Z","3128200","2","1","1950.145","5880.0751879699","1"
"122","video","2018-04-22T18:48:49.895Z","2018-04-22T18:48:48.905Z","2018-04-22T18:48:48.946Z","2018-04-22T18:48:49.886Z","4655432","2","1","1950.145","4952.5872340426","1"
"123","video","2018-04-22T18:48:54.663Z","2018-04-22T18:48:52.963Z","2018-04-22T18:48:53.003Z","2018-04-22T18:48:54.650Z","8367080","2","2","3893.089","5080.1942926533","1"
"124","video","2018-04-22T18:48:55.459Z","2018-04-22T18:48:53.922Z","2018-04-22T18:48:54.260Z","2018-04-22T18:48:55.450Z","3973280","2","1","1950.145","3338.8907563025","1"
"125","video","2018-04-22T18:48:56.612Z","2018-04-22T18:48:54.869Z","2018-04-22T18:48:54.999Z","2018-04-22T18:48:56.604Z","7951800","2","2","3893.089","4954.3925233645","1"
"126","video","2018-04-22T18:48:58.794Z","2018-04-22T18:48:56.876Z","2018-04-22T18:48:56.991Z","2018-04-22T18:48:58.791Z","10500040","2","2","3893.089","5833.3555555556","1"
"127","video","2018-04-22T18:49:01.495Z","2018-04-22T18:49:00.208Z","2018-04-22T18:49:00.239Z","2018-04-22T18:49:01.447Z","6313392","2","2","3893.089","5226.3178807947","1"
"128","video","2018-04-22T18:49:03.508Z","2018-04-22T18:49:02.008Z","2018-04-22T18:49:02.042Z","2018-04-22T18:49:03.492Z","7898944","2","2","3893.089","5447.5475862069","1"
"129","video","2018-04-22T18:49:04.929Z","2018-04-22T18:49:02.055Z","2018-04-22T18:49:02.621Z","2018-04-22T18:49:04.924Z","8318432","2","2","3893.089","3611.998263135","1"
"130","video","2018-04-22T18:49:06.382Z","2018-04-22T18:49:05.222Z","2018-04-22T18:49:05.254Z","2018-04-22T18:49:06.374Z","5915728","2","2","3893.089","5281.9","1"
"131","video","2018-04-22T18:49:09.681Z","2018-04-22T18:49:07.600Z","2018-04-22T18:49:07.790Z","2018-04-22T18:49:09.674Z","6885520","2","2","3893.089","3654.7346072187","1"
"132","video","2018-04-22T18:49:09.934Z","2018-04-22T18:49:07.525Z","2018-04-22T18:49:07.595Z","2018-04-22T18:49:09.924Z","6256208","2","2","3893.089","2686.2206955775","1"
"133","video","2018-04-22T18:49:12.355Z","2018-04-22T18:49:10.291Z","2018-04-22T18:49:10.349Z","2018-04-22T18:49:12.341Z","11400512","2","2","3893.089","5723.1485943775","1"
"134","video","2018-04-22T18:49:14.257Z","2018-04-22T18:49:12.620Z","2018-04-22T18:49:12.657Z","2018-04-22T18:49:14.254Z","7945552","2","2","3893.089","4975.2986850344","1"
"135","video","2018-04-22T18:49:14.841Z","2018-04-22T18:49:12.669Z","2018-04-22T18:49:13.432Z","2018-04-22T18:49:14.827Z","4425152","2","2","3893.089","3172.1519713262","1"
"136","video","2018-04-22T18:49:16.739Z","2018-04-22T18:49:14.649Z","2018-04-22T18:49:14.845Z","2018-04-22T18:49:16.697Z","9783624","2","2","3893.089","5282.7343412527","1"
"137","video","2018-04-22T18:49:18.875Z","2018-04-22T18:49:16.850Z","2018-04-22T18:49:17.007Z","2018-04-22T18:49:18.869Z","9249656","2","2","3893.089","4967.5918367347","1"
"138","video","2018-04-22T18:49:20.045Z","2018-04-22T18:49:15.355Z","2018-04-22T18:49:16.041Z","2018-04-22T18:49:20.041Z","8444592","2","2","3893.089","2111.148","1"
"139","video","2018-04-22T18:49:22.062Z","2018-04-22T18:49:20.614Z","2018-04-22T18:49:20.651Z","2018-04-22T18:49:22.056Z","8042144","2","2","3893.089","5723.9459074733","1"
"140","video","2018-04-22T18:49:26.304Z","2018-04-22T18:49:25.370Z","2018-04-22T18:49:25.408Z","2018-04-22T18:49:26.299Z","5190056","2","2","3893.089","5824.9786756453","1"
"141","video","2018-04-22T18:49:28.921Z","2018-04-22T18:49:26.777Z","2018-04-22T18:49:26.805Z","2018-04-22T18:49:28.914Z","9696352","2","2","3893.089","4597.6064485538","1"
"142","video","2018-04-22T18:49:30.106Z","2018-04-22T18:49:26.801Z","2018-04-22T18:49:27.114Z","2018-04-22T18:49:30.089Z","8926488","2","2","3893.089","3000.5001680672","1"
"143","video","2018-04-22T18:49:32.647Z","2018-04-22T18:49:30.262Z","2018-04-22T18:49:30.454Z","2018-04-22T18:49:32.640Z","8610688","2","2","3893.089","3939.0155535224","1"
"144","video","2018-04-22T18:49:33.272Z","2018-04-22T18:49:30.234Z","2018-04-22T18:49:30.289Z","2018-04-22T18:49:33.255Z","8285728","2","2","3893.089","2793.5697909643","1"
"145","video","2018-04-22T18:49:36.648Z","2018-04-22T18:49:35.542Z","2018-04-22T18:49:35.593Z","2018-04-22T18:49:36.642Z","5906976","2","2","3893.089","5631.0543374643","1"
"146","video","2018-04-22T18:49:40.438Z","2018-04-22T18:49:40.165Z","2018-04-22T18:49:40.179Z","2018-04-22T18:49:40.431Z","1452728","2","0","1046.778","5764.7936507937","1"
"147","video","2018-04-22T18:49:41.505Z","2018-04-22T18:49:41.214Z","2018-04-22T18:49:41.228Z","2018-04-22T18:49:41.502Z","1482904","2","0","1046.778","5412.0583941606","1"
"148","video","2018-04-22T18:49:41.785Z","2018-04-22T18:49:41.223Z","2018-04-22T18:49:41.429Z","2018-04-22T18:49:41.778Z","1661144","2","0","1046.778","4759.7249283668","1"
"149","video","2018-04-22T18:49:43.549Z","2018-04-22T18:49:42.687Z","2018-04-22T18:49:42.699Z","2018-04-22T18:49:43.546Z","3788880","2","0","1046.778","4473.2939787485","1"
"150","video","2018-04-22T18:49:43.808Z","2018-04-22T18:49:43.036Z","2018-04-22T18:49:43.139Z","2018-04-22T18:49:43.803Z","2270832","2","0","1046.778","3419.9277108434","1"
"151","video","2018-04-22T18:49:45.588Z","2018-04-22T18:49:45.182Z","2018-04-22T18:49:45.192Z","2018-04-22T18:49:45.582Z","2096360","2","0","1046.778","5375.2820512821","1"
"152","video","2018-04-22T18:49:48.236Z","2018-04-22T18:49:45.849Z","2018-04-22T18:49:45.863Z","2018-04-22T18:49:48.197Z","9664128","2","2","3893.089","4140.5861182519","1"
"153","video","2018-04-22T18:49:48.822Z","2018-04-22T18:49:45.854Z","2018-04-22T18:49:46.022Z","2018-04-22T18:49:48.808Z","6938328","2","2","3893.089","2490.4264178033","1"
"154","video","2018-04-22T18:49:50.995Z","2018-04-22T18:49:50.641Z","2018-04-22T18:49:50.701Z","2018-04-22T18:49:50.975Z","1453936","2","0","1046.778","5306.3357664234","1"
"155","video","2018-04-22T18:49:55.779Z","2018-04-22T18:49:55.270Z","2018-04-22T18:49:55.302Z","2018-04-22T18:49:55.773Z","2574208","2","0","1046.778","5465.4097664544","1"
"156","video","2018-04-22T18:49:56.200Z","2018-04-22T18:49:55.544Z","2018-04-22T18:49:55.684Z","2018-04-22T18:49:56.196Z","1771400","2","0","1046.778","3459.765625","1"
"157","video","2018-04-22T18:49:56.353Z","2018-04-22T18:49:55.822Z","2018-04-22T18:49:55.981Z","2018-04-22T18:49:56.346Z","1582504","2","0","1046.778","4335.6273972603","1"
"158","video","2018-04-22T18:49:56.787Z","2018-04-22T18:49:56.304Z","2018-04-22T18:49:56.355Z","2018-04-22T18:49:56.785Z","2546904","2","0","1046.778","5923.0325581395","1"
"159","video","2018-04-22T18:49:57.218Z","2018-04-22T18:49:56.819Z","2018-04-22T18:49:56.839Z","2018-04-22T18:49:57.205Z","2129872","2","0","1046.778","5819.3224043716","1"
"160","video","2018-04-22T18:50:00.671Z","2018-04-22T18:50:00.356Z","2018-04-22T18:50:00.381Z","2018-04-22T18:50:00.663Z","1645080","2","0","1046.778","5833.6170212766","1"
"161","video","2018-04-22T18:50:01.023Z","2018-04-22T18:50:00.731Z","2018-04-22T18:50:00.751Z","2018-04-22T18:50:01.020Z","1591752","2","0","1046.778","5917.2936802974","1"
"162","video","2018-04-22T18:50:05.759Z","2018-04-22T18:50:05.410Z","2018-04-22T18:50:05.436Z","2018-04-22T18:50:05.755Z","1877984","2","0","1046.778","5887.0971786834","1"
"163","video","2018-04-22T18:50:08.184Z","2018-04-22T18:50:07.765Z","2018-04-22T18:50:07.784Z","2018-04-22T18:50:08.167Z","1936600","2","0","1046.778","5056.3968668407","1"
"164","video","2018-04-22T18:50:08.620Z","2018-04-22T18:50:08.091Z","2018-04-22T18:50:08.186Z","2018-04-22T18:50:08.614Z","2787200","2","0","1046.778","6512.1495327103","1"
"165","video","2018-04-22T18:50:13.345Z","2018-04-22T18:50:12.911Z","2018-04-22T18:50:12.951Z","2018-04-22T18:50:13.339Z","2347928","2","0","1046.778","6051.3608247423","1"
"166","video","2018-04-22T18:50:13.763Z","2018-04-22T18:50:13.368Z","2018-04-22T18:50:13.406Z","2018-04-22T18:50:13.721Z","1867544","2","0","1046.778","5928.7111111111","1"
"167","video","2018-04-22T18:50:14.306Z","2018-04-22T18:50:13.952Z","2018-04-22T18:50:14.005Z","2018-04-22T18:50:14.301Z","1861776","2","0","1046.778","6289.7837837838","1"
"168","video","2018-04-22T18:50:18.450Z","2018-04-22T18:50:17.950Z","2018-04-22T18:50:17.986Z","2018-04-22T18:50:18.431Z","2228232","2","0","1046.778","5007.2629213483","1"
"169","video","2018-04-22T18:50:20.595Z","2018-04-22T18:50:20.233Z","2018-04-22T18:50:20.255Z","2018-04-22T18:50:20.585Z","1885104","2","0","1046.778","5712.4363636364","1"
"170","video","2018-04-22T18:50:21.260Z","2018-04-22T18:50:20.954Z","2018-04-22T18:50:21.036Z","2018-04-22T18:50:21.254Z","1458232","2","0","1046.778","6689.1376146789","1"
"171","video","2018-04-22T18:50:21.591Z","2018-04-22T18:50:21.289Z","2018-04-22T18:50:21.315Z","2018-04-22T18:50:21.586Z","1581392","2","0","1046.778","5835.3948339483","1"
"172","video","2018-04-22T18:50:23.096Z","2018-04-22T18:50:22.752Z","2018-04-22T18:50:22.769Z","2018-04-22T18:50:23.039Z","1294032","2","0","1046.778","4792.7111111111","1"
"173","video","2018-04-22T18:50:25.600Z","2018-04-22T18:50:25.285Z","2018-04-22T18:50:25.303Z","2018-04-22T18:50:25.541Z","1429456","2","0","1046.778","6006.1176470588","1"
"174","video","2018-04-22T18:50:26.034Z","2018-04-22T18:50:25.737Z","2018-04-22T18:50:25.811Z","2018-04-22T18:50:26.022Z","1284592","2","0","1046.778","6088.1137440758","1"
"175","video","2018-04-22T18:50:29.325Z","2018-04-22T18:50:28.171Z","2018-04-22T18:50:28.239Z","2018-04-22T18:50:29.315Z","6075472","2","1","1950.145","5646.3494423792","1"
"176","video","2018-04-22T18:50:35.748Z","2018-04-22T18:50:35.255Z","2018-04-22T18:50:35.284Z","2018-04-22T18:50:35.743Z","2620728","2","0","1046.778","5709.6470588235","1"
"177","video","2018-04-22T18:50:37.343Z","2018-04-22T18:50:36.389Z","2018-04-22T18:50:36.483Z","2018-04-22T18:50:37.316Z","1793560","2","0","1046.778","2153.1332533013","1"
"178","video","2018-04-22T18:50:37.876Z","2018-04-22T18:50:36.331Z","2018-04-22T18:50:36.369Z","2018-04-22T18:50:37.870Z","6653720","2","2","3893.089","4432.8580946036","1"
"179","video","2018-04-22T18:50:40.423Z","2018-04-22T18:50:40.203Z","2018-04-22T18:50:40.225Z","2018-04-22T18:50:40.420Z","1117032","2","0","1046.778","5728.3692307692","1"
"180","video","2018-04-22T18:50:42.372Z","2018-04-22T18:50:41.704Z","2018-04-22T18:50:41.734Z","2018-04-22T18:50:42.370Z","2836664","2","0","1046.778","4460.1635220126","1"
"181","video","2018-04-22T18:50:42.867Z","2018-04-22T18:50:41.738Z","2018-04-22T18:50:42.177Z","2018-04-22T18:50:42.860Z","3476072","2","0","1046.778","5089.4172767204","1"
"182","video","2018-04-22T18:50:43.642Z","2018-04-22T18:50:43.099Z","2018-04-22T18:50:43.140Z","2018-04-22T18:50:43.636Z","2839424","2","0","1046.778","5724.6451612903","1"
"183","video","2018-04-22T18:50:44.289Z","2018-04-22T18:50:43.782Z","2018-04-22T18:50:43.819Z","2018-04-22T18:50:44.254Z","1825472","2","0","1046.778","4196.4873563218","1"
"184","video","2018-04-22T18:50:44.630Z","2018-04-22T18:50:43.846Z","2018-04-22T18:50:44.040Z","2018-04-22T18:50:44.615Z","1975032","2","0","1046.778","3434.8382608696","1"
"185","video","2018-04-22T18:50:44.924Z","2018-04-22T18:50:44.556Z","2018-04-22T18:50:44.648Z","2018-04-22T18:50:44.919Z","1874904","2","0","1046.778","6918.4649446494","1"
"186","video","2018-04-22T18:50:45.417Z","2018-04-22T18:50:45.002Z","2018-04-22T18:50:45.034Z","2018-04-22T18:50:45.415Z","2218000","2","0","1046.778","5821.5223097113","1"
"187","video","2018-04-22T18:50:48.715Z","2018-04-22T18:50:47.756Z","2018-04-22T18:50:47.776Z","2018-04-22T18:50:48.702Z","4531424","2","1","1950.145","4893.5464362851","1"
"188","video","2018-04-22T18:50:49.301Z","2018-04-22T18:50:48.147Z","2018-04-22T18:50:48.278Z","2018-04-22T18:50:49.271Z","3524512","2","1","1950.145","3549.3575025176","1"
"189","video","2018-04-22T18:50:53.362Z","2018-04-22T18:50:52.649Z","2018-04-22T18:50:52.720Z","2018-04-22T18:50:53.359Z","3912016","2","1","1950.145","6122.0907668232","1"
"190","video","2018-04-22T18:50:55.752Z","2018-04-22T18:50:55.332Z","2018-04-22T18:50:55.455Z","2018-04-22T18:50:55.750Z","1936184","2","0","1046.778","6563.3355932203","1"
"191","video","2018-04-22T18:50:56.618Z","2018-04-22T18:50:56.116Z","2018-04-22T18:50:56.241Z","2018-04-22T18:50:56.611Z","2504864","2","0","1046.778","6769.9027027027","1"
"192","video","2018-04-22T18:50:58.524Z","2018-04-22T18:50:57.732Z","2018-04-22T18:50:57.776Z","2018-04-22T18:50:58.468Z","3109384","2","1","1950.145","4493.3294797688","1"
"193","video","2018-04-22T18:50:59.142Z","2018-04-22T18:50:58.137Z","2018-04-22T18:50:58.285Z","2018-04-22T18:50:59.139Z","4042112","2","1","1950.145","4733.1522248244","1"
"194","video","2018-04-22T18:50:59.883Z","2018-04-22T18:50:58.981Z","2018-04-22T18:50:59.143Z","2018-04-22T18:50:59.871Z","4348040","2","1","1950.145","5972.5824175824","1"
"195","video","2018-04-22T18:51:00.586Z","2018-04-22T18:50:59.701Z","2018-04-22T18:50:59.886Z","2018-04-22T18:51:00.581Z","4089952","2","1","1950.145","5884.8230215827","1"
"196","video","2018-04-22T18:51:03.509Z","2018-04-22T18:51:02.726Z","2018-04-22T18:51:02.753Z","2018-04-22T18:51:03.491Z","3763392","2","1","1950.145","5099.4471544715","1"
"197","video","2018-04-22T18:51:05.738Z","2018-04-22T18:51:03.533Z","2018-04-22T18:51:03.604Z","2018-04-22T18:51:05.638Z","7458160","2","2","3893.089","3666.7453294002","1"
"198","video","2018-04-22T18:51:06.102Z","2018-04-22T18:51:03.593Z","2018-04-22T18:51:03.735Z","2018-04-22T18:51:06.098Z","6394376","2","2","3893.089","2706.0414727042","1"
"199","video","2018-04-22T18:51:09.813Z","2018-04-22T18:51:08.102Z","2018-04-22T18:51:08.195Z","2018-04-22T18:51:09.803Z","9360696","2","2","3893.089","5821.328358209","1"
"200","video","2018-04-22T18:51:14.515Z","2018-04-22T18:51:12.922Z","2018-04-22T18:51:12.990Z","2018-04-22T18:51:14.503Z","7003024","2","2","3893.089","4628.5684071381","1"
"201","video","2018-04-22T18:51:16.635Z","2018-04-22T18:51:12.994Z","2018-04-22T18:51:13.118Z","2018-04-22T18:51:16.616Z","4869184","2","2","3893.089","1391.9908519154","1"
"202","video","2018-04-22T18:51:16.663Z","2018-04-22T18:51:14.533Z","2018-04-22T18:51:14.690Z","2018-04-22T18:51:16.660Z","8564768","2","2","3893.089","4347.5979695431","1"
"203","video","2018-04-22T18:51:20.574Z","2018-04-22T18:51:20.257Z","2018-04-22T18:51:20.280Z","2018-04-22T18:51:20.567Z","1646376","2","0","1046.778","5736.5017421603","1"
"204","video","2018-04-22T18:51:22.989Z","2018-04-22T18:51:22.297Z","2018-04-22T18:51:22.452Z","2018-04-22T18:51:22.977Z","1399016","2","0","1046.778","2664.7923809524","1"
"205","video","2018-04-22T18:51:23.824Z","2018-04-22T18:51:23.022Z","2018-04-22T18:51:23.174Z","2018-04-22T18:51:23.822Z","1815600","2","0","1046.778","2801.8518518519","1"
"206","video","2018-04-22T18:51:24.535Z","2018-04-22T18:51:22.227Z","2018-04-22T18:51:22.259Z","2018-04-22T18:51:24.497Z","8713096","2","2","3893.089","3893.2511170688","1"
"207","video","2018-04-22T18:51:28.234Z","2018-04-22T18:51:27.715Z","2018-04-22T18:51:27.734Z","2018-04-22T18:51:28.232Z","2829440","2","0","1046.778","5681.6064257028","1"
"208","video","2018-04-22T18:51:30.619Z","2018-04-22T18:51:29.954Z","2018-04-22T18:51:29.988Z","2018-04-22T18:51:30.615Z","2819728","2","0","1046.778","4497.1738437002","1"
"209","video","2018-04-22T18:51:30.906Z","2018-04-22T18:51:29.993Z","2018-04-22T18:51:30.201Z","2018-04-22T18:51:30.903Z","2442384","2","0","1046.778","3479.1794871795","1"
"210","video","2018-04-22T18:51:33.038Z","2018-04-22T18:51:32.664Z","2018-04-22T18:51:32.680Z","2018-04-22T18:51:33.026Z","1990744","2","0","1046.778","5753.5953757225","1"
"211","video","2018-04-22T18:51:33.926Z","2018-04-22T18:51:33.367Z","2018-04-22T18:51:33.416Z","2018-04-22T18:51:33.923Z","2274880","2","0","1046.778","4486.942800789","1"
"212","video","2018-04-22T18:51:34.146Z","2018-04-22T18:51:33.399Z","2018-04-22T18:51:33.526Z","2018-04-22T18:51:34.141Z","2037024","2","0","1046.778","3312.2341463415","1"
"213","video","2018-04-22T18:51:35.739Z","2018-04-22T18:51:35.261Z","2018-04-22T18:51:35.283Z","2018-04-22T18:51:35.676Z","2179584","2","0","1046.778","5546.0152671756","1"
"214","video","2018-04-22T18:51:36.323Z","2018-04-22T18:51:35.997Z","2018-04-22T18:51:36.091Z","2018-04-22T18:51:36.315Z","1595696","2","0","1046.778","7123.6428571429","1"
"215","video","2018-04-22T18:51:36.668Z","2018-04-22T18:51:36.049Z","2018-04-22T18:51:36.251Z","2018-04-22T18:51:36.666Z","2069600","2","0","1046.778","4986.9879518072","1"
"216","video","2018-04-22T18:51:38.655Z","2018-04-22T18:51:37.764Z","2018-04-22T18:51:37.798Z","2018-04-22T18:51:38.645Z","4718776","2","1","1950.145","5571.1641086187","1"
"217","video","2018-04-22T18:51:39.103Z","2018-04-22T18:51:38.558Z","2018-04-22T18:51:38.679Z","2018-04-22T18:51:39.100Z","2637064","2","1","1950.145","6263.809976247","1"
"218","video","2018-04-22T18:51:39.973Z","2018-04-22T18:51:39.000Z","2018-04-22T18:51:39.170Z","2018-04-22T18:51:39.964Z","4620944","2","1","1950.145","5819.8287153652","1"
"219","video","2018-04-22T18:51:40.831Z","2018-04-22T18:51:39.915Z","2018-04-22T18:51:40.013Z","2018-04-22T18:51:40.805Z","4282600","2","1","1950.145","5407.3232323232","1"
"220","video","2018-04-22T18:51:43.535Z","2018-04-22T18:51:42.721Z","2018-04-22T18:51:42.871Z","2018-04-22T18:51:43.520Z","4284152","2","1","1950.145","6601.1587057011","1"
"221","video","2018-04-22T18:51:45.875Z","2018-04-22T18:51:43.541Z","2018-04-22T18:51:43.592Z","2018-04-22T18:51:45.850Z","8947984","2","2","3893.089","3962.7918511957","1"
"222","video","2018-04-22T18:51:46.580Z","2018-04-22T18:51:43.596Z","2018-04-22T18:51:43.792Z","2018-04-22T18:51:46.571Z","7110696","2","2","3893.089","2558.7247211227","1"
"223","video","2018-04-22T18:51:47.464Z","2018-04-22T18:51:46.106Z","2018-04-22T18:51:46.275Z","2018-04-22T18:51:47.446Z","5614432","2","2","3893.089","4794.561912895","1"
"224","video","2018-04-22T18:51:51.326Z","2018-04-22T18:51:50.293Z","2018-04-22T18:51:50.368Z","2018-04-22T18:51:51.319Z","5548568","2","2","3893.089","5834.4563617245","1"
"225","video","2018-04-22T18:51:53.305Z","2018-04-22T18:51:51.464Z","2018-04-22T18:51:51.492Z","2018-04-22T18:51:53.301Z","6447552","2","2","3893.089","3564.1525704809","1"
"226","video","2018-04-22T18:51:55.502Z","2018-04-22T18:51:53.379Z","2018-04-22T18:51:53.521Z","2018-04-22T18:51:55.491Z","8388088","2","2","3893.089","4257.9126903553","1"
"227","video","2018-04-22T18:51:55.543Z","2018-04-22T18:51:51.500Z","2018-04-22T18:51:51.929Z","2018-04-22T18:51:55.530Z","7119160","2","2","3893.089","1976.9952790891","1"
"228","video","2018-04-22T18:51:59.733Z","2018-04-22T18:51:57.782Z","2018-04-22T18:51:57.986Z","2018-04-22T18:51:59.685Z","6478544","2","2","3893.089","3813.1512654503","1"
"229","video","2018-04-22T18:51:59.919Z","2018-04-22T18:51:57.723Z","2018-04-22T18:51:57.776Z","2018-04-22T18:51:59.904Z","5041984","2","2","3893.089","2369.3533834586","1"
"230","video","2018-04-22T18:52:02.797Z","2018-04-22T18:52:02.721Z","2018-04-22T18:52:02.764Z","2018-04-22T18:52:02.795Z","6478544","2","2","3893.089","208985.29032258","1"
"231","video","2018-04-22T18:52:03.516Z","2018-04-22T18:52:02.743Z","2018-04-22T18:52:02.783Z","2018-04-22T18:52:03.513Z","4267312","2","2","3893.089","5845.6328767123","1"
"232","video","2018-04-22T18:52:06.025Z","2018-04-22T18:52:05.268Z","2018-04-22T18:52:05.461Z","2018-04-22T18:52:06.015Z","757320","2","0","1046.778","1367.0036101083","1"
"233","video","2018-04-22T18:52:06.373Z","2018-04-22T18:52:04.849Z","2018-04-22T18:52:04.866Z","2018-04-22T18:52:06.363Z","7586880","2","2","3893.089","5068.0561122244","1"
"234","video","2018-04-22T18:52:08.000Z","2018-04-22T18:52:07.778Z","2018-04-22T18:52:07.801Z","2018-04-22T18:52:07.991Z","1053656","2","0","1046.778","5545.5578947368","1"
"235","video","2018-04-22T18:52:09.434Z","2018-04-22T18:52:09.281Z","2018-04-22T18:52:09.299Z","2018-04-22T18:52:09.432Z","716200","2","0","1046.778","5384.962406015","1"
"236","video","2018-04-22T18:52:09.707Z","2018-04-22T18:52:09.505Z","2018-04-22T18:52:09.531Z","2018-04-22T18:52:09.700Z","1092984","2","0","1046.778","6467.3609467456","1"
"237","video","2018-04-22T18:52:11.100Z","2018-04-22T18:52:10.280Z","2018-04-22T18:52:10.334Z","2018-04-22T18:52:11.084Z","3808416","2","1","1950.145","5077.888","1"
"238","video","2018-04-22T18:52:11.839Z","2018-04-22T18:52:10.601Z","2018-04-22T18:52:10.932Z","2018-04-22T18:52:11.814Z","4120584","2","1","1950.145","4671.8639455782","1"
"239","video","2018-04-22T18:52:13.615Z","2018-04-22T18:52:12.775Z","2018-04-22T18:52:12.796Z","2018-04-22T18:52:13.594Z","4365624","2","1","1950.145","5470.7067669173","1"
"240","video","2018-04-22T18:52:17.613Z","2018-04-22T18:52:15.255Z","2018-04-22T18:52:15.575Z","2018-04-22T18:52:17.607Z","10584096","2","2","3893.089","5208.7086614173","1"
"241","video","2018-04-22T18:52:18.857Z","2018-04-22T18:52:16.053Z","2018-04-22T18:52:16.489Z","2018-04-22T18:52:18.855Z","7763880","2","2","3893.089","3281.4370245139","1"
"242","video","2018-04-22T18:52:20.564Z","2018-04-22T18:52:20.217Z","2018-04-22T18:52:20.234Z","2018-04-22T18:52:20.557Z","1817240","2","0","1046.778","5626.1300309598","1"
"243","video","2018-04-22T18:52:22.864Z","2018-04-22T18:52:22.583Z","2018-04-22T18:52:22.618Z","2018-04-22T18:52:22.855Z","1271144","2","0","1046.778","5363.4767932489","1"
"244","video","2018-04-22T18:52:23.355Z","2018-04-22T18:52:22.625Z","2018-04-22T18:52:22.823Z","2018-04-22T18:52:23.346Z","2606536","2","0","1046.778","4983.8164435946","1"
"245","video","2018-04-22T18:52:27.993Z","2018-04-22T18:52:27.649Z","2018-04-22T18:52:27.889Z","2018-04-22T18:52:27.969Z","1217912","2","0","1046.778","15223.9","1"
"246","video","2018-04-22T18:52:28.518Z","2018-04-22T18:52:28.197Z","2018-04-22T18:52:28.222Z","2018-04-22T18:52:28.497Z","1646616","2","0","1046.778","5987.6945454545","1"
"247","video","2018-04-22T18:52:33.252Z","2018-04-22T18:52:32.733Z","2018-04-22T18:52:32.750Z","2018-04-22T18:52:33.249Z","2450040","2","0","1046.778","4909.8997995992","1"
"248","video","2018-04-22T18:52:33.614Z","2018-04-22T18:52:33.009Z","2018-04-22T18:52:33.074Z","2018-04-22T18:52:33.612Z","2018752","2","0","1046.778","3752.3271375465","1"
"249","video","2018-04-22T18:52:34.126Z","2018-04-22T18:52:33.284Z","2018-04-22T18:52:33.437Z","2018-04-22T18:52:34.113Z","2117056","2","0","1046.778","3131.7396449704","1"
"250","video","2018-04-22T18:52:34.450Z","2018-04-22T18:52:33.806Z","2018-04-22T18:52:33.932Z","2018-04-22T18:52:34.446Z","2775552","2","0","1046.778","5399.906614786","1"
"251","video","2018-04-22T18:52:34.973Z","2018-04-22T18:52:34.344Z","2018-04-22T18:52:34.455Z","2018-04-22T18:52:34.962Z","2304136","2","0","1046.778","4544.6469428008","1"
"252","video","2018-04-22T18:52:35.659Z","2018-04-22T18:52:35.140Z","2018-04-22T18:52:35.185Z","2018-04-22T18:52:35.649Z","2830104","2","0","1046.778","6099.3620689655","1"
"253","video","2018-04-22T18:52:38.081Z","2018-04-22T18:52:37.697Z","2018-04-22T18:52:37.707Z","2018-04-22T18:52:38.079Z","2098200","2","0","1046.778","5640.3225806452","1"
"254","video","2018-04-22T18:52:38.513Z","2018-04-22T18:52:38.165Z","2018-04-22T18:52:38.188Z","2018-04-22T18:52:38.507Z","1830208","2","0","1046.778","5737.329153605","1"
"255","video","2018-04-22T18:52:43.582Z","2018-04-22T18:52:42.826Z","2018-04-22T18:52:42.841Z","2018-04-22T18:52:43.579Z","3439304","2","0","1046.778","4660.3035230352","1"
"256","video","2018-04-22T18:52:43.938Z","2018-04-22T18:52:43.149Z","2018-04-22T18:52:43.245Z","2018-04-22T18:52:43.934Z","2766352","2","0","1046.778","4015.0246734398","1"
"257","video","2018-04-22T18:52:45.835Z","2018-04-22T18:52:45.207Z","2018-04-22T18:52:45.229Z","2018-04-22T18:52:45.828Z","3376936","2","1","1950.145","5637.6227045075","1"
"258","video","2018-04-22T18:52:46.865Z","2018-04-22T18:52:45.914Z","2018-04-22T18:52:45.930Z","2018-04-22T18:52:46.861Z","5239272","2","1","1950.145","5627.574650913","1"
"259","video","2018-04-22T18:52:47.416Z","2018-04-22T18:52:46.579Z","2018-04-22T18:52:46.755Z","2018-04-22T18:52:47.414Z","2719992","2","1","1950.145","4127.4537177542","1"
"260","video","2018-04-22T18:52:47.967Z","2018-04-22T18:52:47.198Z","2018-04-22T18:52:47.321Z","2018-04-22T18:52:47.958Z","3511728","2","1","1950.145","5512.9167974882","1"
"261","video","2018-04-22T18:52:54.766Z","2018-04-22T18:52:53.312Z","2018-04-22T18:52:53.561Z","2018-04-22T18:52:54.764Z","7200752","2","2","3893.089","5985.6625103907","1"
"262","video","2018-04-22T18:52:56.864Z","2018-04-22T18:52:53.995Z","2018-04-22T18:52:54.636Z","2018-04-22T18:52:56.860Z","12481760","2","2","3893.089","5612.3021582734","1"
"263","video","2018-04-22T18:52:58.239Z","2018-04-22T18:52:57.112Z","2018-04-22T18:52:57.159Z","2018-04-22T18:52:58.234Z","5567512","2","2","3893.089","5179.0809302326","1"
"264","video","2018-04-22T18:53:02.581Z","2018-04-22T18:53:00.583Z","2018-04-22T18:53:00.678Z","2018-04-22T18:53:02.568Z","7381280","2","2","3893.089","3905.4391534392","1"
"265","video","2018-04-22T18:53:03.142Z","2018-04-22T18:53:00.715Z","2018-04-22T18:53:00.955Z","2018-04-22T18:53:03.138Z","5089864","2","2","3893.089","2331.5913879982","1"
"266","video","2018-04-22T18:53:05.797Z","2018-04-22T18:53:05.406Z","2018-04-22T18:53:05.450Z","2018-04-22T18:53:05.790Z","1973160","2","0","1046.778","5803.4117647059","1"
"267","video","2018-04-22T18:53:07.843Z","2018-04-22T18:53:07.587Z","2018-04-22T18:53:07.688Z","2018-04-22T18:53:07.838Z","1053936","2","0","1046.778","7026.24","1"
"268","video","2018-04-22T18:53:07.967Z","2018-04-22T18:53:07.725Z","2018-04-22T18:53:07.844Z","2018-04-22T18:53:07.964Z","777648","2","0","1046.778","6480.4","1"
"269","video","2018-04-22T18:53:13.350Z","2018-04-22T18:53:12.649Z","2018-04-22T18:53:12.711Z","2018-04-22T18:53:13.347Z","3888840","2","0","1046.778","6114.5283018868","1"
"270","video","2018-04-22T18:53:14.045Z","2018-04-22T18:53:13.599Z","2018-04-22T18:53:13.639Z","2018-04-22T18:53:14.043Z","2405696","2","0","1046.778","5954.6930693069","1"
"271","video","2018-04-22T18:53:14.669Z","2018-04-22T18:53:14.286Z","2018-04-22T18:53:14.341Z","2018-04-22T18:53:14.652Z","1010544","2","0","1046.778","3249.3376205788","1"
"272","video","2018-04-22T18:53:15.514Z","2018-04-22T18:53:15.282Z","2018-04-22T18:53:15.329Z","2018-04-22T18:53:15.498Z","969480","2","0","1046.778","5736.5680473373","1"
"273","video","2018-04-22T18:53:15.993Z","2018-04-22T18:53:15.675Z","2018-04-22T18:53:15.703Z","2018-04-22T18:53:15.984Z","1655864","2","0","1046.778","5892.7544483986","1"
"274","video","2018-04-22T18:53:16.296Z","2018-04-22T18:53:15.864Z","2018-04-22T18:53:15.994Z","2018-04-22T18:53:16.291Z","1712320","2","0","1046.778","5765.3872053872","1"
"275","video","2018-04-22T18:53:17.916Z","2018-04-22T18:53:17.777Z","2018-04-22T18:53:17.821Z","2018-04-22T18:53:17.913Z","711912","2","0","1046.778","7738.1739130435","1"
"276","video","2018-04-22T18:53:18.444Z","2018-04-22T18:53:18.082Z","2018-04-22T18:53:18.135Z","2018-04-22T18:53:18.438Z","1789776","2","0","1046.778","5906.8514851485","1"
"277","video","2018-04-22T18:53:21.524Z","2018-04-22T18:53:20.264Z","2018-04-22T18:53:20.314Z","2018-04-22T18:53:21.483Z","4453432","2","1","1950.145","3809.6082121471","1"
"278","video","2018-04-22T18:53:21.651Z","2018-04-22T18:53:20.624Z","2018-04-22T18:53:20.870Z","2018-04-22T18:53:21.619Z","1978536","2","1","1950.145","2641.5700934579","1"
"279","video","2018-04-22T18:53:24.744Z","2018-04-22T18:53:22.749Z","2018-04-22T18:53:22.787Z","2018-04-22T18:53:24.735Z","7012984","2","1","1950.145","3600.0944558522","1"
"280","video","2018-04-22T18:53:25.873Z","2018-04-22T18:53:23.498Z","2018-04-22T18:53:23.620Z","2018-04-22T18:53:25.862Z","10184896","2","2","3893.089","4542.7725245317","1"
"281","video","2018-04-22T18:53:27.588Z","2018-04-22T18:53:26.188Z","2018-04-22T18:53:26.388Z","2018-04-22T18:53:27.579Z","7387448","2","2","3893.089","6202.7271200672","1"
"282","video","2018-04-22T18:53:32.231Z","2018-04-22T18:53:30.303Z","2018-04-22T18:53:30.656Z","2018-04-22T18:53:32.215Z","7944280","2","2","3893.089","5095.7536882617","1"
"283","video","2018-04-22T18:53:32.885Z","2018-04-22T18:53:31.496Z","2018-04-22T18:53:31.752Z","2018-04-22T18:53:32.879Z","4447880","2","2","3893.089","3946.6548358474","1"
"284","video","2018-04-22T18:53:35.915Z","2018-04-22T18:53:35.230Z","2018-04-22T18:53:35.248Z","2018-04-22T18:53:35.896Z","3498408","2","0","1046.778","5398.7777777778","1"
"285","video","2018-04-22T18:53:37.384Z","2018-04-22T18:53:36.460Z","2018-04-22T18:53:36.575Z","2018-04-22T18:53:37.365Z","2236232","2","0","1046.778","2830.6734177215","1"
"286","video","2018-04-22T18:53:38.284Z","2018-04-22T18:53:36.368Z","2018-04-22T18:53:36.434Z","2018-04-22T18:53:38.264Z","7947456","2","2","3893.089","4342.8721311475","1"
"287","video","2018-04-22T18:53:40.813Z","2018-04-22T18:53:40.483Z","2018-04-22T18:53:40.508Z","2018-04-22T18:53:40.802Z","1706064","2","0","1046.778","5802.9387755102","1"
"288","video","2018-04-22T18:53:42.608Z","2018-04-22T18:53:42.313Z","2018-04-22T18:53:42.343Z","2018-04-22T18:53:42.557Z","1080120","2","0","1046.778","5047.2897196262","1"
"289","video","2018-04-22T18:53:43.020Z","2018-04-22T18:53:42.345Z","2018-04-22T18:53:42.531Z","2018-04-22T18:53:43.002Z","1829584","2","0","1046.778","3884.4670912951","1"
"290","video","2018-04-22T18:53:43.304Z","2018-04-22T18:53:42.745Z","2018-04-22T18:53:43.035Z","2018-04-22T18:53:43.301Z","1385200","2","0","1046.778","5207.5187969925","1"
"291","video","2018-04-22T18:53:43.682Z","2018-04-22T18:53:43.224Z","2018-04-22T18:53:43.309Z","2018-04-22T18:53:43.680Z","1930656","2","0","1046.778","5203.9245283019","1"
"292","video","2018-04-22T18:53:43.844Z","2018-04-22T18:53:43.385Z","2018-04-22T18:53:43.562Z","2018-04-22T18:53:43.842Z","1342272","2","0","1046.778","4793.8285714286","1"
"293","video","2018-04-22T18:53:43.994Z","2018-04-22T18:53:43.714Z","2018-04-22T18:53:43.845Z","2018-04-22T18:53:43.987Z","891760","2","0","1046.778","6280","1"
"294","video","2018-04-22T18:53:44.313Z","2018-04-22T18:53:44.086Z","2018-04-22T18:53:44.160Z","2018-04-22T18:53:44.306Z","1171944","2","0","1046.778","8027.0136986301","1"
"295","video","2018-04-22T18:53:44.576Z","2018-04-22T18:53:44.145Z","2018-04-22T18:53:44.317Z","2018-04-22T18:53:44.574Z","1520400","2","0","1046.778","5915.953307393","1"
"296","video","2018-04-22T18:53:48.566Z","2018-04-22T18:53:47.974Z","2018-04-22T18:53:48.011Z","2018-04-22T18:53:48.563Z","2863120","2","1","1950.145","5186.8115942029","1"
"297","video","2018-04-22T18:53:49.974Z","2018-04-22T18:53:48.597Z","2018-04-22T18:53:48.737Z","2018-04-22T18:53:49.963Z","3638760","2","1","1950.145","2967.9934747145","1"
"298","video","2018-04-22T18:53:50.094Z","2018-04-22T18:53:48.244Z","2018-04-22T18:53:48.569Z","2018-04-22T18:53:50.091Z","5031032","2","1","1950.145","3305.5400788436","1"
"299","video","2018-04-22T18:53:51.031Z","2018-04-22T18:53:50.374Z","2018-04-22T18:53:50.397Z","2018-04-22T18:53:51.027Z","3607080","2","1","1950.145","5725.5238095238","1"
"300","video","2018-04-22T18:53:53.644Z","2018-04-22T18:53:51.927Z","2018-04-22T18:53:52.119Z","2018-04-22T18:53:53.641Z","7688000","2","2","3893.089","5051.2483574244","1"
"301","video","2018-04-22T18:53:56.200Z","2018-04-22T18:53:53.850Z","2018-04-22T18:53:54.019Z","2018-04-22T18:53:56.197Z","8014808","2","2","3893.089","3679.8934802571","1"
"302","video","2018-04-22T18:53:56.360Z","2018-04-22T18:53:52.150Z","2018-04-22T18:53:52.412Z","2018-04-22T18:53:56.344Z","8860736","2","2","3893.089","2253.493387589","1"
"303","video","2018-04-22T18:53:59.412Z","2018-04-22T18:53:57.707Z","2018-04-22T18:53:57.752Z","2018-04-22T18:53:59.402Z","8159192","2","2","3893.089","4944.9648484848","1"
"304","video","2018-04-22T18:54:00.595Z","2018-04-22T18:53:57.790Z","2018-04-22T18:53:57.975Z","2018-04-22T18:54:00.589Z","7938384","2","2","3893.089","3036.8722264728","1"
"305","video","2018-04-22T18:54:04.175Z","2018-04-22T18:54:02.736Z","2018-04-22T18:54:02.771Z","2018-04-22T18:54:04.169Z","8066792","2","2","3893.089","5770.2374821173","1"
"306","video","2018-04-22T18:54:09.084Z","2018-04-22T18:54:07.700Z","2018-04-22T18:54:07.726Z","2018-04-22T18:54:09.081Z","7786552","2","2","3893.089","5746.5328413284","1"
"307","video","2018-04-22T18:54:11.035Z","2018-04-22T18:54:09.129Z","2018-04-22T18:54:09.206Z","2018-04-22T18:54:11.011Z","8360600","2","2","3893.089","4631.9113573407","1"
"308","video","2018-04-22T18:54:11.242Z","2018-04-22T18:54:09.178Z","2018-04-22T18:54:09.609Z","2018-04-22T18:54:11.224Z","2475208","2","0","1046.778","1532.6365325077","1"
"309","video","2018-04-22T18:54:13.220Z","2018-04-22T18:54:12.723Z","2018-04-22T18:54:12.746Z","2018-04-22T18:54:13.192Z","2074264","2","0","1046.778","4650.8161434978","1"
"310","video","2018-04-22T18:54:14.885Z","2018-04-22T18:54:14.334Z","2018-04-22T18:54:14.361Z","2018-04-22T18:54:14.878Z","2900824","2","0","1046.778","5610.8781431335","1"
"311","video","2018-04-22T18:54:15.618Z","2018-04-22T18:54:14.797Z","2018-04-22T18:54:14.893Z","2018-04-22T18:54:15.553Z","3302824","2","0","1046.778","5004.2787878788","1"
"312","video","2018-04-22T18:54:20.625Z","2018-04-22T18:54:20.149Z","2018-04-22T18:54:20.192Z","2018-04-22T18:54:20.622Z","2535152","2","0","1046.778","5895.7023255814","1"
"313","video","2018-04-22T18:54:25.812Z","2018-04-22T18:54:25.362Z","2018-04-22T18:54:25.384Z","2018-04-22T18:54:25.805Z","2339840","2","0","1046.778","5557.8147268409","1"
"314","video","2018-04-22T18:54:25.858Z","2018-04-22T18:54:25.367Z","2018-04-22T18:54:25.814Z","2018-04-22T18:54:25.823Z","2339840","2","0","1046.778","259982.22222222","1"
"315","video","2018-04-22T18:54:26.003Z","2018-04-22T18:54:25.875Z","2018-04-22T18:54:25.963Z","2018-04-22T18:54:25.993Z","2339840","2","0","1046.778","77994.666666667","1"
"316","video","2018-04-22T18:54:26.424Z","2018-04-22T18:54:25.948Z","2018-04-22T18:54:26.006Z","2018-04-22T18:54:26.420Z","2393696","2","0","1046.778","5781.8743961353","1"
"317","video","2018-04-22T18:54:26.878Z","2018-04-22T18:54:26.333Z","2018-04-22T18:54:26.441Z","2018-04-22T18:54:26.865Z","2322104","2","0","1046.778","5476.6603773585","1"
"318","video","2018-04-22T18:54:28.586Z","2018-04-22T18:54:27.787Z","2018-04-22T18:54:27.846Z","2018-04-22T18:54:28.583Z","3878016","2","1","1950.145","5261.894165536","1"
"319","video","2018-04-22T18:54:29.666Z","2018-04-22T18:54:28.271Z","2018-04-22T18:54:28.508Z","2018-04-22T18:54:29.642Z","3914112","2","1","1950.145","3451.5978835979","1"
"320","video","2018-04-22T18:54:30.063Z","2018-04-22T18:54:28.745Z","2018-04-22T18:54:29.090Z","2018-04-22T18:54:30.060Z","4256376","2","1","1950.145","4388.0164948454","1"
"321","video","2018-04-22T18:54:30.713Z","2018-04-22T18:54:29.920Z","2018-04-22T18:54:30.067Z","2018-04-22T18:54:30.710Z","3991472","2","1","1950.145","6207.5769828927","1"
"322","video","2018-04-22T18:54:33.444Z","2018-04-22T18:54:32.706Z","2018-04-22T18:54:32.756Z","2018-04-22T18:54:33.441Z","3891296","2","1","1950.145","5680.7240875912","1"
"323","video","2018-04-22T18:54:36.338Z","2018-04-22T18:54:33.371Z","2018-04-22T18:54:33.445Z","2018-04-22T18:54:36.315Z","7818088","2","2","3893.089","2724.0724738676","1"
"324","video","2018-04-22T18:54:36.415Z","2018-04-22T18:54:33.479Z","2018-04-22T18:54:33.597Z","2018-04-22T18:54:36.399Z","7820392","2","2","3893.089","2791.0035688794","1"
"325","video","2018-04-22T18:54:38.058Z","2018-04-22T18:54:36.568Z","2018-04-22T18:54:36.623Z","2018-04-22T18:54:38.046Z","8226160","2","2","3893.089","5780.8573436402","1"
"326","video","2018-04-22T18:54:41.622Z","2018-04-22T18:54:40.224Z","2018-04-22T18:54:40.255Z","2018-04-22T18:54:41.607Z","7653728","2","2","3893.089","5661.0414201183","1"
"327","video","2018-04-22T18:54:43.332Z","2018-04-22T18:54:41.651Z","2018-04-22T18:54:41.708Z","2018-04-22T18:54:43.318Z","7899408","2","2","3893.089","4906.4645962733","1"
"328","video","2018-04-22T18:54:44.509Z","2018-04-22T18:54:41.695Z","2018-04-22T18:54:42.027Z","2018-04-22T18:54:44.494Z","7941576","2","2","3893.089","3219.1228212404","1"
"329","video","2018-04-22T18:54:46.744Z","2018-04-22T18:54:45.236Z","2018-04-22T18:54:45.244Z","2018-04-22T18:54:46.741Z","8484976","2","2","3893.089","5667.9866399466","1"
"330","video","2018-04-22T18:54:51.961Z","2018-04-22T18:54:50.445Z","2018-04-22T18:54:50.509Z","2018-04-22T18:54:51.944Z","8305952","2","2","3893.089","5788.1198606272","1"
"331","video","2018-04-22T18:54:53.480Z","2018-04-22T18:54:51.981Z","2018-04-22T18:54:52.074Z","2018-04-22T18:54:53.459Z","8081624","2","2","3893.089","5835.1075812274","1"
"332","video","2018-04-22T18:54:55.066Z","2018-04-22T18:54:52.059Z","2018-04-22T18:54:53.235Z","2018-04-22T18:54:55.044Z","8105520","2","2","3893.089","4480.6633499171","1"
"333","video","2018-04-22T18:54:57.422Z","2018-04-22T18:54:55.845Z","2018-04-22T18:54:55.885Z","2018-04-22T18:54:57.400Z","7975016","2","2","3893.089","5264.0369636964","1"
"334","video","2018-04-22T18:55:02.346Z","2018-04-22T18:55:00.255Z","2018-04-22T18:55:00.283Z","2018-04-22T18:55:02.342Z","7871688","2","2","3893.089","3823.063623118","1"
"335","video","2018-04-22T18:55:03.331Z","2018-04-22T18:55:00.263Z","2018-04-22T18:55:00.379Z","2018-04-22T18:55:03.329Z","7950856","2","2","3893.089","2695.2054237288","1"
"336","video","2018-04-22T18:55:04.507Z","2018-04-22T18:55:02.698Z","2018-04-22T18:55:02.833Z","2018-04-22T18:55:04.504Z","8026784","2","2","3893.089","4803.5810891682","1"
"337","video","2018-04-22T18:55:06.666Z","2018-04-22T18:55:04.757Z","2018-04-22T18:55:04.776Z","2018-04-22T18:55:06.633Z","8347688","2","2","3893.089","4495.2547119009","1"
"338","video","2018-04-22T18:55:07.728Z","2018-04-22T18:55:04.778Z","2018-04-22T18:55:04.936Z","2018-04-22T18:55:07.725Z","8062240","2","2","3893.089","2890.7278594478","1"
"339","video","2018-04-22T18:55:08.247Z","2018-04-22T18:55:07.846Z","2018-04-22T18:55:07.887Z","2018-04-22T18:55:08.238Z","1978888","2","0","1046.778","5637.8575498576","1"
"340","video","2018-04-22T18:55:15.792Z","2018-04-22T18:55:15.419Z","2018-04-22T18:55:15.440Z","2018-04-22T18:55:15.789Z","2054512","2","0","1046.778","5886.8538681948","1"
"341","video","2018-04-22T18:55:16.186Z","2018-04-22T18:55:15.775Z","2018-04-22T18:55:15.803Z","2018-04-22T18:55:16.183Z","2159544","2","0","1046.778","5683.0105263158","1"
"342","video","2018-04-22T18:55:16.556Z","2018-04-22T18:55:16.132Z","2018-04-22T18:55:16.189Z","2018-04-22T18:55:16.554Z","2089056","2","0","1046.778","5723.4410958904","1"
"343","video","2018-04-22T18:55:20.696Z","2018-04-22T18:55:20.314Z","2018-04-22T18:55:20.327Z","2018-04-22T18:55:20.690Z","1939648","2","0","1046.778","5343.3829201102","1"
"344","video","2018-04-22T18:55:21.162Z","2018-04-22T18:55:20.741Z","2018-04-22T18:55:20.779Z","2018-04-22T18:55:21.143Z","1983792","2","0","1046.778","5449.978021978","1"
"345","video","2018-04-22T18:55:23.725Z","2018-04-22T18:55:22.834Z","2018-04-22T18:55:22.881Z","2018-04-22T18:55:23.713Z","4157536","2","1","1950.145","4997.0384615385","1"
"346","video","2018-04-22T18:55:24.811Z","2018-04-22T18:55:23.232Z","2018-04-22T18:55:23.494Z","2018-04-22T18:55:24.805Z","4164048","2","1","1950.145","3176.23798627","1"
"347","video","2018-04-22T18:55:25.284Z","2018-04-22T18:55:23.746Z","2018-04-22T18:55:23.915Z","2018-04-22T18:55:25.276Z","4185912","2","1","1950.145","3075.6149889787","1"
"348","video","2018-04-22T18:55:25.810Z","2018-04-22T18:55:24.883Z","2018-04-22T18:55:25.088Z","2018-04-22T18:55:25.806Z","3715392","2","1","1950.145","5174.6406685237","1"
"349","video","2018-04-22T18:55:28.524Z","2018-04-22T18:55:27.714Z","2018-04-22T18:55:27.782Z","2018-04-22T18:55:28.510Z","4231536","2","1","1950.145","5812.5494505495","1"
"350","video","2018-04-22T18:55:30.415Z","2018-04-22T18:55:28.470Z","2018-04-22T18:55:28.526Z","2018-04-22T18:55:30.414Z","8155640","2","2","3893.089","4319.7245762712","1"
"351","video","2018-04-22T18:55:30.907Z","2018-04-22T18:55:29.192Z","2018-04-22T18:55:29.374Z","2018-04-22T18:55:30.905Z","5158104","2","2","3893.089","3369.1077726976","1"
"352","video","2018-04-22T18:55:34.301Z","2018-04-22T18:55:32.804Z","2018-04-22T18:55:32.822Z","2018-04-22T18:55:34.294Z","8318272","2","2","3893.089","5651","1"
"353","video","2018-04-22T18:55:36.416Z","2018-04-22T18:55:34.338Z","2018-04-22T18:55:34.401Z","2018-04-22T18:55:36.404Z","8269432","2","2","3893.089","4128.5232151772","1"
"354","video","2018-04-22T18:55:37.525Z","2018-04-22T18:55:34.407Z","2018-04-22T18:55:34.630Z","2018-04-22T18:55:37.523Z","9592896","2","2","3893.089","3315.8990667128","1"
"355","video","2018-04-22T18:55:38.735Z","2018-04-22T18:55:37.708Z","2018-04-22T18:55:37.719Z","2018-04-22T18:55:38.727Z","5466176","2","2","3893.089","5422.7936507937","1"
"356","video","2018-04-22T18:55:43.218Z","2018-04-22T18:55:42.712Z","2018-04-22T18:55:42.722Z","2018-04-22T18:55:43.193Z","2179584","2","2","3893.089","4627.5668789809","1"
"357","video","2018-04-22T18:55:45.533Z","2018-04-22T18:55:43.721Z","2018-04-22T18:55:43.742Z","2018-04-22T18:55:45.506Z","7794960","2","2","3893.089","4418.9115646259","1"
"358","video","2018-04-22T18:55:46.301Z","2018-04-22T18:55:43.735Z","2018-04-22T18:55:43.967Z","2018-04-22T18:55:46.291Z","6775192","2","2","3893.089","2915.3149741824","1"
"359","video","2018-04-22T18:55:48.956Z","2018-04-22T18:55:47.987Z","2018-04-22T18:55:48.085Z","2018-04-22T18:55:48.953Z","5222840","2","2","3893.089","6017.0967741935","1"
"360","video","2018-04-22T18:55:54.996Z","2018-04-22T18:55:52.793Z","2018-04-22T18:55:52.824Z","2018-04-22T18:55:54.984Z","10179168","2","2","3893.089","4712.5777777778","1"
"361","video","2018-04-22T18:55:59.238Z","2018-04-22T18:55:57.650Z","2018-04-22T18:55:57.756Z","2018-04-22T18:55:59.236Z","9076632","2","2",,,"1"
