"1","2018-10-23T13:02:33.032Z","0","1",NULL
"2","2018-10-23T13:02:33.019Z","0","2",NULL
"3","2018-10-23T13:02:33.180Z","0","1",NULL
"4","2018-10-23T13:02:33.186Z","1.962666","2",NULL
"5","2018-10-23T13:02:33.572Z","1.416666","1",NULL
"6","2018-10-23T13:02:33.194Z","1.962666","2",NULL
"7","2018-10-23T13:02:33.722Z","1.999999","1",NULL
"8","2018-10-23T13:02:33.596Z","3.925332","2",NULL
"9","2018-10-23T13:02:33.929Z","3.999999","1",NULL
"10","2018-10-23T13:02:33.715Z","3.925332","2",NULL
"11","2018-10-23T13:02:34.064Z","4.666666","1",NULL
"12","2018-10-23T13:02:34.081Z","3.925332","2",NULL
"13","2018-10-23T13:02:34.272Z","5.999999","1",NULL
"14","2018-10-23T13:02:34.282Z","3.925332","2",NULL
"15","2018-10-23T13:02:34.287Z","5.999999","1",NULL
"16","2018-10-23T13:02:34.465Z","5.887999","2",NULL
"17","2018-10-23T13:02:34.457Z","5.999999","1",NULL
"18","2018-10-23T13:02:34.626Z","5.887999","2",NULL
"19","2018-10-23T13:02:34.640Z","5.999999","1",NULL
"20","2018-10-23T13:02:34.641Z","5.887999","2",NULL
"21","2018-10-23T13:02:35.642Z","7.999999","1",NULL
"22","2018-10-23T13:02:35.387Z","7.850666","2",NULL
"23","2018-10-23T13:02:35.658Z","7.999999","1",NULL
"24","2018-10-23T13:02:35.649Z","9.813332","2",NULL
"25","2018-10-23T13:02:35.731Z","7.999999","1",NULL
"26","2018-10-23T13:02:35.664Z","9.813332","2",NULL
"27","2018-10-23T13:02:35.791Z","9.999999","1",NULL
"28","2018-10-23T13:02:35.734Z","9.813332","2",NULL
"29","2018-10-23T13:02:35.946Z","11.999999","1",NULL
"30","2018-10-23T13:02:35.753Z","11.775999","2",NULL
"31","2018-10-23T13:02:35.978Z","11.987295","1",NULL
"32","2018-10-23T13:02:35.929Z","13.738666","2",NULL
"33","2018-10-23T13:02:36.032Z","11.982681","1",NULL
"34","2018-10-23T13:02:35.985Z","15.688628","2",NULL
"35","2018-10-23T13:02:36.507Z","11.531081","1",NULL
"36","2018-10-23T13:02:36.068Z","15.684014","2",NULL
"37","2018-10-23T13:02:38.283Z","10.214409","1",NULL
"38","2018-10-23T13:02:36.110Z","15.628956","2",NULL
"39","2018-10-23T13:02:38.417Z","9.849557","1",NULL
"40","2018-10-23T13:02:36.535Z","15.232414","2",NULL
"41","2018-10-23T13:02:38.651Z","9.540383","1",NULL
"42","2018-10-23T13:02:38.363Z","13.915742","2",NULL
"43","2018-10-23T13:02:38.659Z","9.531653","1",NULL
"44","2018-10-23T13:02:38.433Z","15.513557","2",NULL
"45","2018-10-23T13:02:38.726Z","9.314467","1",NULL
"46","2018-10-23T13:02:38.655Z","15.204383","2",NULL
"47","2018-10-23T13:02:39.016Z","11.023597","1",NULL
"48","2018-10-23T13:02:38.675Z","15.195653","2",NULL
"49","2018-10-23T13:02:39.058Z","11.052644","1",NULL
"50","2018-10-23T13:02:38.732Z","14.978467","2",NULL
"51","2018-10-23T13:02:39.120Z","12.426024","1",NULL
"52","2018-10-23T13:02:39.074Z","14.674977","2",NULL
"53","2018-10-23T13:02:39.219Z","12.83318","1",NULL
"54","2018-10-23T13:02:39.131Z","16.552691","2",NULL
"55","2018-10-23T13:02:39.461Z","14.62458","1",NULL
"56","2018-10-23T13:02:39.223Z","16.459847","2",NULL
"57","2018-10-23T13:02:39.480Z","14.589828","1",NULL
"58","2018-10-23T13:02:39.470Z","16.251247","2",NULL
"59","2018-10-23T13:02:39.491Z","14.548676","1",NULL
"60","2018-10-23T13:02:39.497Z","16.175343","2",NULL
"61","2018-10-23T13:02:39.776Z","14.294326","1",NULL
"62","2018-10-23T13:02:39.787Z","15.920993","2",NULL
"63","2018-10-23T13:02:40.023Z","14.041281","1",NULL
"64","2018-10-23T13:02:40.039Z","15.667948","2",NULL
"65","2018-10-23T13:02:40.299Z","13.772161","1",NULL
"66","2018-10-23T13:02:40.319Z","15.398828","2",NULL
"67","2018-10-23T13:02:40.791Z","14.912954","2",NULL
"68","2018-10-23T13:02:40.762Z","13.286287","1",NULL
"69","2018-10-23T13:02:41.300Z","14.420594","2",NULL
"70","2018-10-23T13:02:41.259Z","12.793927","1",NULL
"71","2018-10-23T13:02:41.558Z","14.169497","2",NULL
"72","2018-10-23T13:02:41.511Z","12.54283","1",NULL
"73","2018-10-23T13:02:42.357Z","13.424328","2",NULL
"74","2018-10-23T13:02:42.353Z","11.797661","1",NULL
"75","2018-10-23T13:02:42.448Z","13.230237","2",NULL
"76","2018-10-23T13:02:42.370Z","11.683748","1",NULL
"77","2018-10-23T13:02:42.465Z","13.228766","2",NULL
"78","2018-10-23T13:02:42.442Z","11.60357","1",NULL
"79","2018-10-23T13:02:43.023Z","12.743596","2",NULL
"80","2018-10-23T13:02:42.452Z","11.602099","1",NULL
"81","2018-10-23T13:02:43.251Z","12.446074","2",NULL
"82","2018-10-23T13:02:43.000Z","11.241929","1",NULL
"83","2018-10-23T13:02:43.272Z","12.434619","2",NULL
"84","2018-10-23T13:02:43.245Z","11.861074","1",NULL
"85","2018-10-23T13:02:44.416Z","11.872576","2",NULL
"86","2018-10-23T13:02:43.257Z","11.849619","1",NULL
"87","2018-10-23T13:02:44.430Z","11.793615","2",NULL
"88","2018-10-23T13:02:44.408Z","12.245909","1",NULL
"89","2018-10-23T13:02:44.570Z","11.762365","2",NULL
"90","2018-10-23T13:02:44.425Z","12.166948","1",NULL
"91","2018-10-23T13:02:44.594Z","11.762365","2",NULL
"92","2018-10-23T13:02:44.436Z","12.157369","1",NULL
"93","2018-10-23T13:02:45.026Z","11.346874","2",NULL
"94","2018-10-23T13:02:44.531Z","12.135698","1",NULL
"95","2018-10-23T13:02:45.162Z","11.152611","2",NULL
"96","2018-10-23T13:02:44.590Z","12.135698","1",NULL
"97","2018-10-23T13:02:45.359Z","10.981289","2",NULL
"98","2018-10-23T13:02:45.017Z","11.80354","1",NULL
"99","2018-10-23T13:02:45.862Z","10.679401","2",NULL
"100","2018-10-23T13:02:45.132Z","12.150944","1",NULL
"101","2018-10-23T13:02:45.886Z","10.674349","2",NULL
"102","2018-10-23T13:02:45.309Z","13.354622","1",NULL
"103","2018-10-23T13:02:46.190Z","10.160058","2",NULL
"104","2018-10-23T13:02:45.390Z","13.337049","1",NULL
"105","2018-10-23T13:02:46.462Z","9.919522","2",NULL
"106","2018-10-23T13:02:45.821Z","13.052734","1",NULL
"107","2018-10-23T13:02:46.658Z","9.657813","2",NULL
"108","2018-10-23T13:02:45.878Z","13.047682","1",NULL
"109","2018-10-23T13:02:46.720Z","9.65202","2",NULL
"110","2018-10-23T13:02:46.179Z","12.533391","1",NULL
"111","2018-10-23T13:02:47.650Z","8.721927","2",NULL
"112","2018-10-23T13:02:46.415Z","12.376188","1",NULL
"113","2018-10-23T13:02:47.703Z","8.685419","2",NULL
"114","2018-10-23T13:02:46.637Z","13.156146","1",NULL
"115","2018-10-23T13:02:47.923Z","8.558399","2",NULL
"116","2018-10-23T13:02:46.685Z","13.150353","1",NULL
"117","2018-10-23T13:02:48.016Z","8.546097","2",NULL
"118","2018-10-23T13:02:47.646Z","12.803593","1",NULL
"119","2018-10-23T13:02:48.194Z","8.131064","2",NULL
"120","2018-10-23T13:02:47.678Z","12.767085","1",NULL
"121","2018-10-23T13:02:48.229Z","8.123429","2",NULL
"122","2018-10-23T13:02:47.918Z","12.931732","1",NULL
"123","2018-10-23T13:02:48.422Z","7.866887","2",NULL
"124","2018-10-23T13:02:48.011Z","12.91943","1",NULL
"125","2018-10-23T13:02:48.728Z","7.621233","2",NULL
"126","2018-10-23T13:02:49.035Z","7.281925","2",NULL
"127","2018-10-23T13:02:48.152Z","12.504397","1",NULL
"128","2018-10-23T13:02:49.481Z","6.829872","2",NULL
"129","2018-10-23T13:02:48.221Z","12.496762","1",NULL
"130","2018-10-23T13:02:49.642Z","6.649369","2",NULL
"131","2018-10-23T13:02:48.254Z","12.495004","1",NULL
"132","2018-10-23T13:02:49.906Z","6.477471","2",NULL
"133","2018-10-23T13:02:48.418Z","12.24022","1",NULL
"134","2018-10-23T13:02:50.013Z","6.294417","2",NULL
"135","2018-10-23T13:02:48.674Z","11.994566","1",NULL
"136","2018-10-23T13:02:50.267Z","6.034734","2",NULL
"137","2018-10-23T13:02:49.029Z","11.655258","1",NULL
"138","2018-10-23T13:02:50.504Z","5.784675","2",NULL
"139","2018-10-23T13:02:49.468Z","11.203205","1",NULL
"140","2018-10-23T13:02:50.814Z","5.515083","2",NULL
"141","2018-10-23T13:02:49.638Z","11.189369","1",NULL
"142","2018-10-23T13:02:51.286Z","5.032796","2",NULL
"143","2018-10-23T13:02:49.681Z","12.973765","1",NULL
"144","2018-10-23T13:02:52.066Z","4.322629","2",NULL
"145","2018-10-23T13:02:49.863Z","12.850804","1",NULL
"146","2018-10-23T13:02:52.263Z","4.040706","2",NULL
"147","2018-10-23T13:02:49.990Z","12.66775","1",NULL
"148","2018-10-23T13:02:52.624Z","3.784845","2",NULL
"149","2018-10-23T13:02:50.249Z","12.408067","1",NULL
"150","2018-10-23T13:02:53.021Z","3.288865","2",NULL
"151","2018-10-23T13:02:50.499Z","12.158008","1",NULL
"152","2018-10-23T13:02:53.305Z","3.034483","2",NULL
"153","2018-10-23T13:02:50.809Z","11.888416","1",NULL
"154","2018-10-23T13:02:53.597Z","2.781995","2",NULL
"155","2018-10-23T13:02:51.276Z","11.406129","1",NULL
"156","2018-10-23T13:02:54.038Z","2.286074","2",NULL
"157","2018-10-23T13:02:52.050Z","10.695962","1",NULL
"158","2018-10-23T13:02:54.443Z","1.891941","2",NULL
"159","2018-10-23T13:02:52.260Z","10.414039","1",NULL
"160","2018-10-23T13:02:54.915Z","1.459328","2",NULL
"161","2018-10-23T13:02:52.523Z","10.158178","1",NULL
"162","2018-10-23T13:02:55.373Z","0.927218","2",NULL
"163","2018-10-23T13:02:53.009Z","9.662198","1",NULL
"164","2018-10-23T13:02:55.786Z","0.536243","2",NULL
"165","2018-10-23T13:02:53.260Z","9.407816","1",NULL
"166","2018-10-23T13:02:56.151Z","0.265298","2",NULL
"167","2018-10-23T13:02:53.544Z","9.155328","1",NULL
"168","2018-10-23T13:02:56.332Z","0.046153","2",NULL
"169","2018-10-23T13:02:54.025Z","8.659407","1",NULL
"170","2018-10-23T13:02:56.579Z","0.046153","2",NULL
"171","2018-10-23T13:02:54.422Z","8.265274","1",NULL
"172","2018-10-23T13:02:57.009Z","2.008819","2",NULL
"173","2018-10-23T13:02:54.881Z","7.832661","1",NULL
"174","2018-10-23T13:02:57.249Z","2.008819","2",NULL
"175","2018-10-23T13:02:55.364Z","7.300551","1",NULL
"176","2018-10-23T13:02:57.609Z","3.881582","2",NULL
"177","2018-10-23T13:02:55.771Z","6.909576","1",NULL
"178","2018-10-23T13:02:57.646Z","3.864113","2",NULL
"179","2018-10-23T13:02:56.097Z","6.638631","1",NULL
"180","2018-10-23T13:02:58.007Z","5.568171","2",NULL
"181","2018-10-23T13:02:56.327Z","6.419486","1",NULL
"182","2018-10-23T13:02:58.040Z","5.566791","2",NULL
"183","2018-10-23T13:02:56.569Z","6.419486","1",NULL
"184","2018-10-23T13:02:58.097Z","5.438243","2",NULL
"185","2018-10-23T13:02:57.246Z","6.419486","1",NULL
"186","2018-10-23T13:02:58.729Z","6.676705","2",NULL
"187","2018-10-23T13:02:57.592Z","6.329582","1",NULL
"188","2018-10-23T13:02:59.183Z","6.448821","2",NULL
"189","2018-10-23T13:02:58.004Z","6.053504","1",NULL
"190","2018-10-23T13:02:59.211Z","8.165448","2",NULL
"191","2018-10-23T13:02:58.019Z","6.052124","1",NULL
"192","2018-10-23T13:02:59.354Z","8.108486","2",NULL
"193","2018-10-23T13:02:59.176Z","5.221488","1",NULL
"194","2018-10-23T13:02:59.370Z","8.102476","2",NULL
"195","2018-10-23T13:02:59.344Z","5.210153","1",NULL
"196","2018-10-23T13:02:59.928Z","9.429302","2",NULL
"197","2018-10-23T13:02:59.363Z","5.204143","1",NULL
"198","2018-10-23T13:02:59.933Z","9.405552","2",NULL
"199","2018-10-23T13:02:59.909Z","5.109968","1",NULL
"200","2018-10-23T13:02:59.970Z","9.394538","2",NULL
"201","2018-10-23T13:02:59.930Z","5.086218","1",NULL
"202","2018-10-23T13:03:00.151Z","9.17256","2",NULL
"203","2018-10-23T13:03:00.140Z","5.478226","1",NULL
"204","2018-10-23T13:03:00.185Z","11.084462","2",NULL
"205","2018-10-23T13:03:00.182Z","5.719129","1",NULL
"206","2018-10-23T13:03:00.230Z","11.034075","2",NULL
"207","2018-10-23T13:03:00.201Z","5.697744","1",NULL
"208","2018-10-23T13:03:00.297Z","11.000848","2",NULL
"209","2018-10-23T13:03:00.289Z","5.635515","1",NULL
"210","2018-10-23T13:03:00.498Z","10.772079","2",NULL
"211","2018-10-23T13:03:00.485Z","5.413593","1",NULL
"212","2018-10-23T13:03:00.540Z","10.736008","2",NULL
"213","2018-10-23T13:03:00.491Z","5.406746","1",NULL
"214","2018-10-23T13:03:00.999Z","10.272942","2",NULL
"215","2018-10-23T13:03:00.532Z","5.370675","1",NULL
"216","2018-10-23T13:03:01.296Z","10.021353","2",NULL
"217","2018-10-23T13:03:00.996Z","4.907609","1",NULL
"218","2018-10-23T13:03:01.565Z","9.766856","2",NULL
"219","2018-10-23T13:03:01.259Z","4.65602","1",NULL
"220","2018-10-23T13:03:01.936Z","9.341368","2",NULL
"221","2018-10-23T13:03:01.529Z","4.401523","1",NULL
"222","2018-10-23T13:03:02.273Z","9.016867","2",NULL
"223","2018-10-23T13:03:01.932Z","3.976035","1",NULL
"224","2018-10-23T13:03:02.759Z","8.522155","2",NULL
"225","2018-10-23T13:03:02.269Z","3.651534","1",NULL
"226","2018-10-23T13:03:03.004Z","8.272","2",NULL
"227","2018-10-23T13:03:02.758Z","3.156822","1",NULL
"228","2018-10-23T13:03:03.290Z","8.016182","2",NULL
"229","2018-10-23T13:03:02.998Z","2.906667","1",NULL
"230","2018-10-23T13:03:03.758Z","7.521293","2",NULL
"231","2018-10-23T13:03:03.278Z","2.650849","1",NULL
"232","2018-10-23T13:03:04.813Z","6.571473","2",NULL
"233","2018-10-23T13:03:03.752Z","2.15596","1",NULL
"234","2018-10-23T13:03:04.981Z","6.287908","2",NULL
"235","2018-10-23T13:03:04.779Z","1.20614","1",NULL
"236","2018-10-23T13:03:05.049Z","6.239813","2",NULL
"237","2018-10-23T13:03:04.978Z","0.589242","1",NULL
"238","2018-10-23T13:03:05.316Z","5.968506","2",NULL
"239","2018-10-23T13:03:05.507Z","5.768807","2",NULL
"240","2018-10-23T13:03:05.039Z","0.87448","1",NULL
"241","2018-10-23T13:03:06.006Z","5.271454","2",NULL
"242","2018-10-23T13:03:05.053Z","0.858671","1",NULL
"243","2018-10-23T13:03:06.249Z","5.021306","2",NULL
"244","2018-10-23T13:03:05.305Z","0.603173","1",NULL
"245","2018-10-23T13:03:06.500Z","4.771086","2",NULL
"246","2018-10-23T13:03:05.504Z","0.403474","1",NULL
"247","2018-10-23T13:03:06.698Z","4.56931","2",NULL
"248","2018-10-23T13:03:05.999Z","0","1",NULL
"249","2018-10-23T13:03:06.909Z","4.538858","2",NULL
"250","2018-10-23T13:03:06.246Z","0","1",NULL
"251","2018-10-23T13:03:07.150Z","6.501525","2",NULL
"252","2018-10-23T13:03:06.498Z","0","1",NULL
"253","2018-10-23T13:03:07.239Z","6.501525","2",NULL
"254","2018-10-23T13:03:06.696Z","0","1",NULL
"255","2018-10-23T13:03:07.280Z","8.464192","2",NULL
"256","2018-10-23T13:03:06.703Z","0","1",NULL
"257","2018-10-23T13:03:07.478Z","8.464192","2",NULL
"258","2018-10-23T13:03:06.900Z","3.173525","1",NULL
"259","2018-10-23T13:03:07.590Z","10.426858","2",NULL
"260","2018-10-23T13:03:06.935Z","3.173525","1",NULL
"261","2018-10-23T13:03:07.764Z","10.426858","2",NULL
"262","2018-10-23T13:03:07.224Z","3.173525","1",NULL
"263","2018-10-23T13:03:09.527Z","10.426858","2",NULL
"264","2018-10-23T13:03:07.470Z","4.631858","1",NULL
"265","2018-10-23T13:03:10.211Z","10.34588","2",NULL
"266","2018-10-23T13:03:07.543Z","5.173525","1",NULL
"267","2018-10-23T13:03:10.300Z","10.289864","2",NULL
"268","2018-10-23T13:03:07.612Z","5.173525","1",NULL
"269","2018-10-23T13:03:10.510Z","10.072388","2",NULL
"270","2018-10-23T13:03:07.762Z","5.173525","1",NULL
"271","2018-10-23T13:03:11.027Z","9.571894","2",NULL
"272","2018-10-23T13:03:09.466Z","9.173525","1",NULL
"273","2018-10-23T13:03:11.257Z","9.31896","2",NULL
"274","2018-10-23T13:03:09.508Z","9.173525","1",NULL
"275","2018-10-23T13:03:12.336Z","8.439064","2",NULL
"276","2018-10-23T13:03:10.084Z","9.173525","1",NULL
"277","2018-10-23T13:03:12.465Z","10.168728","2",NULL
"278","2018-10-23T13:03:10.144Z","11.173525","1",NULL
"279","2018-10-23T13:03:12.501Z","10.151853","2",NULL
"280","2018-10-23T13:03:10.208Z","11.092547","1",NULL
"281","2018-10-23T13:03:12.514Z","10.083005","2",NULL
"282","2018-10-23T13:03:10.296Z","11.036531","1",NULL
"283","2018-10-23T13:03:12.823Z","11.689763","2",NULL
"284","2018-10-23T13:03:10.495Z","10.819055","1",NULL
"285","2018-10-23T13:03:12.832Z","11.68482","2",NULL
"286","2018-10-23T13:03:10.996Z","10.318561","1",NULL
"287","2018-10-23T13:03:12.863Z","11.671126","2",NULL
"288","2018-10-23T13:03:11.249Z","10.065627","1",NULL
"289","2018-10-23T13:03:13.362Z","13.147694","2",NULL
"290","2018-10-23T13:03:12.332Z","9.185731","1",NULL
"291","2018-10-23T13:03:13.366Z","13.096345","2",NULL
"292","2018-10-23T13:03:12.339Z","8.983022","1",NULL
"293","2018-10-23T13:03:13.508Z","12.971081","2",NULL
"294","2018-10-23T13:03:12.442Z","8.952728","1",NULL
"295","2018-10-23T13:03:13.727Z","14.701521","2",NULL
"296","2018-10-23T13:03:13.747Z","14.692495","2",NULL
"297","2018-10-23T13:03:12.476Z","8.935853","1",NULL
"298","2018-10-23T13:03:13.797Z","14.625864","2",NULL
"299","2018-10-23T13:03:12.818Z","8.511096","1",NULL
"300","2018-10-23T13:03:14.008Z","14.422805","2",NULL
"301","2018-10-23T13:03:12.828Z","8.506153","1",NULL
"302","2018-10-23T13:03:14.049Z","14.370601","2",NULL
"303","2018-10-23T13:03:13.356Z","8.048028","1",NULL
"304","2018-10-23T13:03:13.495Z","9.829748","1",NULL
"305","2018-10-23T13:03:14.284Z","14.172612","2",NULL
"306","2018-10-23T13:03:13.545Z","9.81716","1",NULL
"307","2018-10-23T13:03:14.813Z","13.666272","2",NULL
"308","2018-10-23T13:03:13.722Z","10.680854","1",NULL
"309","2018-10-23T13:03:15.274Z","13.165046","2",NULL
"310","2018-10-23T13:03:13.793Z","11.438531","1",NULL
"311","2018-10-23T13:03:15.808Z","12.67247","2",NULL
"312","2018-10-23T13:03:13.858Z","11.452669","1",NULL
"313","2018-10-23T13:03:16.268Z","12.173239","2",NULL
"314","2018-10-23T13:03:13.927Z","13.389132","1",NULL
"315","2018-10-23T13:03:16.498Z","11.922984","2",NULL
"316","2018-10-23T13:03:13.998Z","13.318805","1",NULL
"317","2018-10-23T13:03:16.828Z","11.592003","2",NULL
"318","2018-10-23T13:03:14.044Z","13.266601","1",NULL
"319","2018-10-23T13:03:16.878Z","11.571143","2",NULL
"320","2018-10-23T13:03:14.272Z","13.068612","1",NULL
"321","2018-10-23T13:03:17.263Z","11.171597","2",NULL
"322","2018-10-23T13:03:14.783Z","12.562272","1",NULL
"323","2018-10-23T13:03:17.541Z","10.877669","2",NULL
"324","2018-10-23T13:03:15.257Z","12.061046","1",NULL
"325","2018-10-23T13:03:18.115Z","10.409445","2",NULL
"326","2018-10-23T13:03:15.770Z","11.56847","1",NULL
"327","2018-10-23T13:03:18.329Z","10.169112","2",NULL
"328","2018-10-23T13:03:16.256Z","11.069239","1",NULL
"329","2018-10-23T13:03:18.537Z","9.920611","2",NULL
"330","2018-10-23T13:03:16.496Z","10.818984","1",NULL
"331","2018-10-23T13:03:18.753Z","9.670685","2",NULL
"332","2018-10-23T13:03:16.825Z","10.488003","1",NULL
"333","2018-10-23T13:03:18.947Z","9.470084","2",NULL
"334","2018-10-23T13:03:16.834Z","10.475466","1",NULL
"335","2018-10-23T13:03:19.056Z","9.398265","2",NULL
"336","2018-10-23T13:03:16.842Z","10.467143","1",NULL
"337","2018-10-23T13:03:19.682Z","8.850069","2",NULL
"338","2018-10-23T13:03:17.259Z","10.067597","1",NULL
"339","2018-10-23T13:03:19.714Z","10.66131","2",NULL
"340","2018-10-23T13:03:17.538Z","9.773669","1",NULL
"341","2018-10-23T13:03:19.743Z","10.654702","2",NULL
"342","2018-10-23T13:03:18.110Z","9.305445","1",NULL
"343","2018-10-23T13:03:20.012Z","10.379856","2",NULL
"344","2018-10-23T13:03:18.247Z","11.065112","1",NULL
"345","2018-10-23T13:03:20.525Z","9.977487","2",NULL
"346","2018-10-23T13:03:18.419Z","10.889909","1",NULL
"347","2018-10-23T13:03:20.741Z","11.607252","2",NULL
"348","2018-10-23T13:03:18.520Z","10.816611","1",NULL
"349","2018-10-23T13:03:20.997Z","11.57606","2",NULL
"350","2018-10-23T13:03:18.719Z","12.590057","1",NULL
"351","2018-10-23T13:03:21.372Z","11.252783","2",NULL
"352","2018-10-23T13:03:18.750Z","12.566685","1",NULL
"353","2018-10-23T13:03:21.421Z","11.251116","2",NULL
"354","2018-10-23T13:03:18.944Z","12.366084","1",NULL
"355","2018-10-23T13:03:21.577Z","10.886147","2",NULL
"356","2018-10-23T13:03:19.028Z","12.294265","1",NULL
"357","2018-10-23T13:03:21.801Z","12.637887","2",NULL
"358","2018-10-23T13:03:19.661Z","11.746069","1",NULL
"359","2018-10-23T13:03:21.856Z","12.493511","2",NULL
"360","2018-10-23T13:03:19.722Z","11.588035","1",NULL
"361","2018-10-23T13:03:21.975Z","12.423326","2",NULL
"362","2018-10-23T13:03:20.001Z","11.313189","1",NULL
"363","2018-10-23T13:03:22.019Z","14.293772","2",NULL
"364","2018-10-23T13:03:20.184Z","13.141029","1",NULL
"365","2018-10-23T13:03:22.066Z","14.273862","2",NULL
"366","2018-10-23T13:03:20.517Z","12.91082","1",NULL
"367","2018-10-23T13:03:22.154Z","14.193271","2",NULL
"368","2018-10-23T13:03:20.949Z","12.546727","1",NULL
"369","2018-10-23T13:03:22.330Z","14.021876","2",NULL
"370","2018-10-23T13:03:21.364Z","12.22345","1",NULL
"371","2018-10-23T13:03:22.446Z","13.876022","2",NULL
"372","2018-10-23T13:03:21.393Z","12.221783","1",NULL
"373","2018-10-23T13:03:22.821Z","13.580329","2",NULL
"374","2018-10-23T13:03:21.570Z","11.856814","1",NULL
"375","2018-10-23T13:03:23.051Z","13.331501","2",NULL
"376","2018-10-23T13:03:21.795Z","11.645887","1",NULL
"377","2018-10-23T13:03:23.509Z","12.839207","2",NULL
"378","2018-10-23T13:03:21.972Z","11.431326","1",NULL
"379","2018-10-23T13:03:24.017Z","12.325982","2",NULL
"380","2018-10-23T13:03:22.059Z","11.319195","1",NULL
"381","2018-10-23T13:03:24.269Z","12.044877","2",NULL
"382","2018-10-23T13:03:22.141Z","12.946937","1",NULL
"383","2018-10-23T13:03:24.453Z","13.817108","2",NULL
"384","2018-10-23T13:03:22.243Z","13.12421","1",NULL
"385","2018-10-23T13:03:24.554Z","13.729961","2",NULL
"386","2018-10-23T13:03:22.324Z","13.275542","1",NULL
"387","2018-10-23T13:03:24.749Z","13.532803","2",NULL
"388","2018-10-23T13:03:22.374Z","14.990476","1",NULL
"389","2018-10-23T13:03:25.265Z","13.032831","2",NULL
"390","2018-10-23T13:03:22.443Z","14.921355","1",NULL
"391","2018-10-23T13:03:25.512Z","12.778352","2",NULL
"392","2018-10-23T13:03:22.817Z","14.625662","1",NULL
"393","2018-10-23T13:03:26.203Z","14.040506","2",NULL
"394","2018-10-23T13:03:22.997Z","14.376834","1",NULL
"395","2018-10-23T13:03:26.473Z","13.995083","2",NULL
"396","2018-10-23T13:03:23.494Z","13.88454","1",NULL
"397","2018-10-23T13:03:26.508Z","13.99347","2",NULL
"398","2018-10-23T13:03:24.014Z","13.371315","1",NULL
"399","2018-10-23T13:03:26.703Z","15.532971","2",NULL
"400","2018-10-23T13:03:24.266Z","13.09021","1",NULL
"401","2018-10-23T13:03:26.706Z","15.518992","2",NULL
"402","2018-10-23T13:03:24.412Z","14.941353","1",NULL
"403","2018-10-23T13:03:27.124Z","17.19318","2",NULL
"404","2018-10-23T13:03:24.545Z","14.812628","1",NULL
"405","2018-10-23T13:03:27.152Z","17.171046","2",NULL
"406","2018-10-23T13:03:24.744Z","14.61547","1",NULL
"407","2018-10-23T13:03:27.155Z","17.140652","2",NULL
"408","2018-10-23T13:03:25.261Z","14.115498","1",NULL
"409","2018-10-23T13:03:27.269Z","16.981955","2",NULL
"410","2018-10-23T13:03:25.498Z","13.861019","1",NULL
"411","2018-10-23T13:03:27.366Z","16.899651","2",NULL
"412","2018-10-23T13:03:26.412Z","13.115083","1",NULL
"413","2018-10-23T13:03:27.763Z","16.500917","2",NULL
"414","2018-10-23T13:03:26.489Z","13.11347","1",NULL
"415","2018-10-23T13:03:28.289Z","16.011591","2",NULL
"416","2018-10-23T13:03:26.695Z","12.690304","1",NULL
"417","2018-10-23T13:03:28.508Z","15.76322","2",NULL
"418","2018-10-23T13:03:27.106Z","12.59618","1",NULL
"419","2018-10-23T13:03:29.037Z","15.263981","2",NULL
"420","2018-10-23T13:03:27.148Z","12.574046","1",NULL
"421","2018-10-23T13:03:29.364Z","14.926019","2",NULL
"422","2018-10-23T13:03:27.219Z","14.222524","1",NULL
"423","2018-10-23T13:03:29.529Z","16.709467","2",NULL
"424","2018-10-23T13:03:27.267Z","14.843289","1",NULL
"425","2018-10-23T13:03:29.656Z","16.66692","2",NULL
"426","2018-10-23T13:03:27.305Z","16.133946","1",NULL
"427","2018-10-23T13:03:29.798Z","16.449398","2",NULL
"428","2018-10-23T13:03:27.363Z","16.094318","1",NULL
"429","2018-10-23T13:03:29.909Z","16.401063","2",NULL
"430","2018-10-23T13:03:27.760Z","15.695584","1",NULL
"431","2018-10-23T13:03:30.251Z","15.980481","2",NULL
"432","2018-10-23T13:03:28.257Z","15.206258","1",NULL
"433","2018-10-23T13:03:30.805Z","15.491093","2",NULL
"434","2018-10-23T13:03:28.497Z","14.957887","1",NULL
"435","2018-10-23T13:03:31.019Z","15.242102","2",NULL
"436","2018-10-23T13:03:29.011Z","14.458648","1",NULL
"437","2018-10-23T13:03:31.462Z","14.984887","2",NULL
"438","2018-10-23T13:03:29.360Z","14.120686","1",NULL
"439","2018-10-23T13:03:31.690Z","14.574995","2",NULL
"440","2018-10-23T13:03:29.623Z","12.065587","1",NULL
"441","2018-10-23T13:03:31.713Z","14.562254","2",NULL
"442","2018-10-23T13:03:29.706Z","13.750576","1",NULL
"443","2018-10-23T13:03:31.963Z","14.322948","2",NULL
"444","2018-10-23T13:03:29.782Z","13.681398","1",NULL
"445","2018-10-23T13:03:32.396Z","15.956339","2",NULL
"446","2018-10-23T13:03:29.900Z","13.633063","1",NULL
"447","2018-10-23T13:03:32.435Z","15.929854","2",NULL
"448","2018-10-23T13:03:30.245Z","13.212481","1",NULL
"449","2018-10-23T13:03:32.445Z","15.832603","2",NULL
"450","2018-10-23T13:03:30.779Z","12.723093","1",NULL
"451","2018-10-23T13:03:32.754Z","15.593705","2",NULL
"452","2018-10-23T13:03:31.013Z","12.474102","1",NULL
"453","2018-10-23T13:03:32.760Z","15.555105","2",NULL
"454","2018-10-23T13:03:32.995Z","15.244716","2",NULL
"455","2018-10-23T13:03:31.454Z","12.216887","1",NULL
"456","2018-10-23T13:03:33.105Z","17.091558","2",NULL
"457","2018-10-23T13:03:33.129Z","17.00715","2",NULL
"458","2018-10-23T13:03:31.661Z","12.306995","1",NULL
"459","2018-10-23T13:03:33.314Z","16.843435","2",NULL
"460","2018-10-23T13:03:31.699Z","12.294254","1",NULL
"461","2018-10-23T13:03:33.473Z","16.789503","2",NULL
"462","2018-10-23T13:03:31.902Z","12.971615","1",NULL
"463","2018-10-23T13:03:33.608Z","16.56224","2",NULL
"464","2018-10-23T13:03:32.383Z","13.017339","1",NULL
"465","2018-10-23T13:03:33.663Z","16.469246","2",NULL
"466","2018-10-23T13:03:32.417Z","12.990854","1",NULL
"467","2018-10-23T13:03:34.014Z","16.139341","2",NULL
"468","2018-10-23T13:03:32.561Z","12.893642","1",NULL
"469","2018-10-23T13:03:34.060Z","16.082161","2",NULL
"470","2018-10-23T13:03:34.301Z","15.855132","2",NULL
"471","2018-10-23T13:03:32.718Z","12.863038","1",NULL
"472","2018-10-23T13:03:34.759Z","15.389378","2",NULL
"473","2018-10-23T13:03:32.757Z","12.824438","1",NULL
"474","2018-10-23T13:03:34.990Z","15.138569","2",NULL
"475","2018-10-23T13:03:32.988Z","12.514049","1",NULL
"476","2018-10-23T13:03:35.451Z","14.813054","2",NULL
"477","2018-10-23T13:03:33.099Z","12.398225","1",NULL
"478","2018-10-23T13:03:35.757Z","14.385634","2",NULL
"479","2018-10-23T13:03:33.282Z","14.174309","1",NULL
"480","2018-10-23T13:03:36.271Z","13.884655","2",NULL
"481","2018-10-23T13:03:33.304Z","14.150102","1",NULL
"482","2018-10-23T13:03:36.899Z","13.228412","2",NULL
"483","2018-10-23T13:03:33.468Z","14.09617","1",NULL
"484","2018-10-23T13:03:37.027Z","15.056956","2",NULL
"485","2018-10-23T13:03:33.602Z","13.95224","1",NULL
"486","2018-10-23T13:03:37.172Z","14.949686","2",NULL
"487","2018-10-23T13:03:33.660Z","15.19258","1",NULL
"488","2018-10-23T13:03:37.319Z","14.837695","2",NULL
"489","2018-10-23T13:03:33.702Z","15.736527","1",NULL
"490","2018-10-23T13:03:37.489Z","14.599945","2",NULL
"491","2018-10-23T13:03:33.764Z","17.670636","1",NULL
"492","2018-10-23T13:03:37.845Z","14.330816","2",NULL
"493","2018-10-23T13:03:34.009Z","17.446008","1",NULL
"494","2018-10-23T13:03:38.124Z","13.965677","2",NULL
"495","2018-10-23T13:03:34.047Z","17.388828","1",NULL
"496","2018-10-23T13:03:38.408Z","13.709232","2",NULL
"497","2018-10-23T13:03:34.291Z","17.161799","1",NULL
"498","2018-10-23T13:03:38.661Z","13.507622","2",NULL
"499","2018-10-23T13:03:34.751Z","16.696045","1",NULL
"500","2018-10-23T13:03:38.787Z","13.308744","2",NULL
"501","2018-10-23T13:03:34.987Z","16.445236","1",NULL
"502","2018-10-23T13:03:38.894Z","13.20105","2",NULL
"503","2018-10-23T13:03:35.404Z","16.119721","1",NULL
"504","2018-10-23T13:03:39.400Z","12.76254","2",NULL
"505","2018-10-23T13:03:35.750Z","15.692301","1",NULL
"506","2018-10-23T13:03:39.746Z","12.351228","2",NULL
"507","2018-10-23T13:03:36.251Z","15.191322","1",NULL
"508","2018-10-23T13:03:40.017Z","12.102065","2",NULL
"509","2018-10-23T13:03:36.897Z","14.535079","1",NULL
"510","2018-10-23T13:03:40.251Z","11.851496","2",NULL
"511","2018-10-23T13:03:37.135Z","14.293686","1",NULL
"512","2018-10-23T13:03:40.778Z","11.351915","2",NULL
"513","2018-10-23T13:03:37.280Z","14.181695","1",NULL
"514","2018-10-23T13:03:41.289Z","10.852219","2",NULL
"515","2018-10-23T13:03:37.404Z","16.025364","1",NULL
"516","2018-10-23T13:03:41.527Z","10.60289","2",NULL
"517","2018-10-23T13:03:37.485Z","15.943945","1",NULL
"518","2018-10-23T13:03:41.844Z","10.267763","2",NULL
"519","2018-10-23T13:03:37.838Z","15.674816","1",NULL
"520","2018-10-23T13:03:41.890Z","12.166311","2",NULL
"521","2018-10-23T13:03:38.122Z","15.309677","1",NULL
"522","2018-10-23T13:03:42.086Z","12.009362","2",NULL
"523","2018-10-23T13:03:38.383Z","15.053232","1",NULL
"524","2018-10-23T13:03:42.277Z","11.792722","2",NULL
"525","2018-10-23T13:03:38.572Z","16.882853","1",NULL
"526","2018-10-23T13:03:42.364Z","13.655377","2",NULL
"527","2018-10-23T13:03:38.618Z","16.851622","1",NULL
"528","2018-10-23T13:03:42.421Z","13.619491","2",NULL
"529","2018-10-23T13:03:38.784Z","16.652744","1",NULL
"530","2018-10-23T13:03:42.575Z","13.470994","2",NULL
"531","2018-10-23T13:03:38.885Z","18.54505","1",NULL
"532","2018-10-23T13:03:42.745Z","13.281526","2",NULL
"533","2018-10-23T13:03:38.923Z","18.505434","1",NULL
"534","2018-10-23T13:03:43.143Z","14.937619","2",NULL
"535","2018-10-23T13:03:39.364Z","18.10654","1",NULL
"536","2018-10-23T13:03:43.179Z","14.906153","2",NULL
"537","2018-10-23T13:03:39.744Z","17.695228","1",NULL
"538","2018-10-23T13:03:43.444Z","16.56088","2",NULL
"539","2018-10-23T13:03:40.007Z","17.446065","1",NULL
"540","2018-10-23T13:03:43.510Z","16.554319","2",NULL
"541","2018-10-23T13:03:43.518Z","16.502583","2",NULL
"542","2018-10-23T13:03:40.243Z","17.195496","1",NULL
"543","2018-10-23T13:03:43.969Z","16.035188","2",NULL
"544","2018-10-23T13:03:40.776Z","16.695915","1",NULL
"545","2018-10-23T13:03:43.978Z","16.0264","2",NULL
"546","2018-10-23T13:03:41.279Z","16.196219","1",NULL
"547","2018-10-23T13:03:44.151Z","15.804893","2",NULL
"548","2018-10-23T13:03:41.497Z","15.94689","1",NULL
"549","2018-10-23T13:03:44.573Z","15.384371","2",NULL
"550","2018-10-23T13:03:44.761Z","17.147508","2",NULL
"551","2018-10-23T13:03:41.835Z","15.611763","1",NULL
"552","2018-10-23T13:03:44.843Z","17.068562","2",NULL
"553","2018-10-23T13:03:42.061Z","15.390695","1",NULL
"554","2018-10-23T13:03:44.996Z","16.920703","2",NULL
"555","2018-10-23T13:03:45.454Z","18.455648","2",NULL
"556","2018-10-23T13:03:42.273Z","15.174055","1",NULL
"557","2018-10-23T13:03:45.468Z","18.450262","2",NULL
"558","2018-10-23T13:03:42.404Z","15.038158","1",NULL
"559","2018-10-23T13:03:45.517Z","18.35585","2",NULL
"560","2018-10-23T13:03:42.566Z","14.889661","1",NULL
"561","2018-10-23T13:03:45.569Z","20.269818","2",NULL
"562","2018-10-23T13:03:42.741Z","16.700193","1",NULL
"563","2018-10-23T13:03:45.604Z","20.229316","2",NULL
"564","2018-10-23T13:03:42.758Z","16.683465","1",NULL
"565","2018-10-23T13:03:45.746Z","22.048821","2",NULL
"566","2018-10-23T13:03:43.114Z","16.393619","1",NULL
"567","2018-10-23T13:03:45.775Z","22.038321","2",NULL
"568","2018-10-23T13:03:43.442Z","16.054213","1",NULL
"569","2018-10-23T13:03:45.962Z","21.835897","2",NULL
"570","2018-10-23T13:03:43.489Z","16.047652","1",NULL
"571","2018-10-23T13:03:46.281Z","21.525572","2",NULL
"572","2018-10-23T13:03:43.790Z","17.664745","1",NULL
"573","2018-10-23T13:03:46.291Z","21.519287","2",NULL
"574","2018-10-23T13:03:43.965Z","17.528521","1",NULL
"575","2018-10-23T13:03:46.355Z","23.399725","2",NULL
"576","2018-10-23T13:03:43.974Z","17.519733","1",NULL
"577","2018-10-23T13:03:46.474Z","25.244615","2",NULL
"578","2018-10-23T13:03:44.064Z","19.374732","1",NULL
"579","2018-10-23T13:03:46.560Z","27.120401","2",NULL
"580","2018-10-23T13:03:44.145Z","19.298226","1",NULL
"581","2018-10-23T13:03:46.620Z","29.03614","2",NULL
"582","2018-10-23T13:03:44.567Z","18.877704","1",NULL
"583","2018-10-23T13:03:46.626Z","29.0169","2",NULL
"584","2018-10-23T13:03:44.745Z","20.694411","1",NULL
"585","2018-10-23T13:03:47.119Z","28.533965","2",NULL
"586","2018-10-23T13:03:44.840Z","20.599229","1",NULL
"587","2018-10-23T13:03:47.143Z","28.529156","2",NULL
"588","2018-10-23T13:03:44.922Z","22.51675","1",NULL
"589","2018-10-23T13:03:47.305Z","28.344742","2",NULL
"590","2018-10-23T13:03:44.992Z","22.45137","1",NULL
"591","2018-10-23T13:03:47.584Z","30.041768","2",NULL
"592","2018-10-23T13:03:45.435Z","22.023648","1",NULL
"593","2018-10-23T13:03:47.735Z","29.89418","2",NULL
"594","2018-10-23T13:03:45.463Z","22.018262","1",NULL
"595","2018-10-23T13:03:47.769Z","31.805111","2",NULL
"596","2018-10-23T13:03:45.566Z","21.875151","1",NULL
"597","2018-10-23T13:03:45.761Z","21.972655","1",NULL
"598","2018-10-23T13:03:47.772Z","31.803297","2",NULL
"599","2018-10-23T13:03:45.875Z","23.590149","1",NULL
"600","2018-10-23T13:03:48.067Z","31.568676","2",NULL
"601","2018-10-23T13:03:45.958Z","23.478564","1",NULL
"602","2018-10-23T13:03:48.114Z","31.549223","2",NULL
"603","2018-10-23T13:03:46.276Z","24.501572","1",NULL
"604","2018-10-23T13:03:48.348Z","31.227727","2",NULL
"605","2018-10-23T13:03:46.286Z","24.495287","1",NULL
"606","2018-10-23T13:03:48.761Z","30.832305","2",NULL
"607","2018-10-23T13:03:46.435Z","25.004492","1",NULL
"608","2018-10-23T13:03:49.163Z","30.502592","2",NULL
"609","2018-10-23T13:03:46.608Z","24.82814","1",NULL
"610","2018-10-23T13:03:49.226Z","30.426813","2",NULL
"611","2018-10-23T13:03:47.115Z","24.325965","1",NULL
"612","2018-10-23T13:03:49.641Z","31.985189","2",NULL
"613","2018-10-23T13:03:47.130Z","24.321156","1",NULL
"614","2018-10-23T13:03:49.723Z","31.948698","2",NULL
"615","2018-10-23T13:03:47.244Z","26.19392","1",NULL
"616","2018-10-23T13:03:49.737Z","31.942291","2",NULL
"617","2018-10-23T13:03:47.298Z","26.136742","1",NULL
"618","2018-10-23T13:03:49.963Z","31.657573","2",NULL
"619","2018-10-23T13:03:47.733Z","25.723513","1",NULL
"620","2018-10-23T13:03:50.322Z","31.273005","2",NULL
"621","2018-10-23T13:03:47.764Z","25.671778","1",NULL
"622","2018-10-23T13:03:50.460Z","31.092145","2",NULL
"623","2018-10-23T13:03:47.903Z","27.57673","1",NULL
"624","2018-10-23T13:03:50.643Z","31.000422","2",NULL
"625","2018-10-23T13:03:48.022Z","27.435343","1",NULL
"626","2018-10-23T13:03:50.993Z","30.544366","2",NULL
"627","2018-10-23T13:03:48.076Z","27.41589","1",NULL
"628","2018-10-23T13:03:51.277Z","30.294178","2",NULL
"629","2018-10-23T13:03:48.345Z","27.094394","1",NULL
"630","2018-10-23T13:03:51.509Z","30.041632","2",NULL
"631","2018-10-23T13:03:48.758Z","26.698972","1",NULL
"632","2018-10-23T13:03:51.796Z","29.743283","2",NULL
"633","2018-10-23T13:03:49.160Z","28.369259","1",NULL
"634","2018-10-23T13:03:52.271Z","29.292558","2",NULL
"635","2018-10-23T13:03:49.208Z","28.29348","1",NULL
"636","2018-10-23T13:03:52.557Z","28.989971","2",NULL
"637","2018-10-23T13:03:49.256Z","28.276039","1",NULL
"638","2018-10-23T13:03:52.567Z","28.984868","2",NULL
"639","2018-10-23T13:03:49.590Z","27.889189","1",NULL
"640","2018-10-23T13:03:53.238Z","28.467323","2",NULL
"641","2018-10-23T13:03:49.721Z","27.852698","1",NULL
"642","2018-10-23T13:03:53.595Z","28.006449","2",NULL
"643","2018-10-23T13:03:49.956Z","27.561573","1",NULL
"644","2018-10-23T13:03:53.887Z","27.70956","2",NULL
"645","2018-10-23T13:03:50.229Z","29.213456","1",NULL
"646","2018-10-23T13:03:54.613Z","26.938769","2",NULL
"647","2018-10-23T13:03:50.266Z","29.177005","1",NULL
"648","2018-10-23T13:03:54.620Z","26.928398","2",NULL
"649","2018-10-23T13:03:50.441Z","28.996145","1",NULL
"650","2018-10-23T13:03:54.799Z","28.716185","2",NULL
"651","2018-10-23T13:03:50.628Z","28.904422","1",NULL
"652","2018-10-23T13:03:55.082Z","28.506518","2",NULL
"653","2018-10-23T13:03:50.991Z","28.448366","1",NULL
"654","2018-10-23T13:03:55.195Z","28.330373","2",NULL
"655","2018-10-23T13:03:51.251Z","28.198178","1",NULL
"656","2018-10-23T13:03:55.317Z","28.215535","2",NULL
"657","2018-10-23T13:03:51.503Z","27.945632","1",NULL
"658","2018-10-23T13:03:55.360Z","28.141138","2",NULL
"659","2018-10-23T13:03:51.792Z","27.647283","1",NULL
"660","2018-10-23T13:03:55.554Z","29.900866","2",NULL
"661","2018-10-23T13:03:52.268Z","27.196558","1",NULL
"662","2018-10-23T13:03:55.733Z","29.745746","2",NULL
"663","2018-10-23T13:03:52.472Z","28.97902","1",NULL
"664","2018-10-23T13:03:55.812Z","29.664169","2",NULL
"665","2018-10-23T13:03:52.547Z","28.893971","1",NULL
"666","2018-10-23T13:03:52.562Z","28.888868","1",NULL
"667","2018-10-23T13:03:56.661Z","28.843071","2",NULL
"668","2018-10-23T13:03:53.181Z","28.371323","1",NULL
"669","2018-10-23T13:03:56.716Z","30.703853","2",NULL
"670","2018-10-23T13:03:53.577Z","27.910449","1",NULL
"671","2018-10-23T13:03:57.090Z","30.375025","2",NULL
"672","2018-10-23T13:03:53.852Z","27.61356","1",NULL
"673","2018-10-23T13:03:57.100Z","30.360539","2",NULL
"674","2018-10-23T13:03:54.029Z","29.411574","1",NULL
"675","2018-10-23T13:03:57.239Z","32.195858","2",NULL
"676","2018-10-23T13:03:54.608Z","28.842769","1",NULL
"677","2018-10-23T13:03:57.279Z","32.16661","2",NULL
"678","2018-10-23T13:03:54.617Z","28.832398","1",NULL
"679","2018-10-23T13:03:57.390Z","32.06406","2",NULL
"680","2018-10-23T13:03:55.023Z","28.447851","1",NULL
"681","2018-10-23T13:03:57.483Z","31.917255","2",NULL
"682","2018-10-23T13:03:55.164Z","28.271706","1",NULL
"683","2018-10-23T13:03:57.855Z","31.635386","2",NULL
"684","2018-10-23T13:03:55.288Z","28.156868","1",NULL
"685","2018-10-23T13:03:58.041Z","31.400267","2",NULL
"686","2018-10-23T13:03:55.354Z","28.332471","1",NULL
"687","2018-10-23T13:03:58.196Z","31.278483","2",NULL
"688","2018-10-23T13:03:55.432Z","30.010715","1",NULL
"689","2018-10-23T13:03:58.584Z","30.809221","2",NULL
"690","2018-10-23T13:03:55.711Z","29.724413","1",NULL
"691","2018-10-23T13:03:58.917Z","30.496495","2",NULL
"692","2018-10-23T13:03:55.807Z","29.642836","1",NULL
"693","2018-10-23T13:03:59.062Z","30.353375","2",NULL
"694","2018-10-23T13:03:56.658Z","28.821738","1",NULL
"695","2018-10-23T13:03:57.081Z","29.682692","1",NULL
"696","2018-10-23T13:03:59.590Z","29.845207","2",NULL
"697","2018-10-23T13:03:57.094Z","29.668206","1",NULL
"698","2018-10-23T13:03:59.677Z","31.807873","2",NULL
"699","2018-10-23T13:03:57.215Z","30.249191","1",NULL
"700","2018-10-23T13:03:59.897Z","31.807873","2",NULL
"701","2018-10-23T13:03:57.311Z","30.123221","1",NULL
"702","2018-10-23T13:04:00.014Z","31.807873","2",NULL
"703","2018-10-23T13:03:57.376Z","30.117393","1",NULL
"704","2018-10-23T13:04:00.275Z","31.807873","2",NULL
"705","2018-10-23T13:03:57.478Z","29.970588","1",NULL
"706","2018-10-23T13:04:00.333Z","33.77054","2",NULL
"707","2018-10-23T13:03:57.831Z","31.688719","1",NULL
"708","2018-10-23T13:04:00.514Z","33.725627","2",NULL
"709","2018-10-23T13:03:57.936Z","31.498471","1",NULL
"710","2018-10-23T13:04:00.594Z","33.623191","2",NULL
"711","2018-10-23T13:03:58.029Z","31.4536","1",NULL
"712","2018-10-23T13:04:00.784Z","33.472821","2",NULL
"713","2018-10-23T13:03:58.180Z","31.331816","1",NULL
"714","2018-10-23T13:04:01.257Z","32.976779","2",NULL
"715","2018-10-23T13:03:58.580Z","30.862554","1",NULL
"716","2018-10-23T13:04:01.535Z","32.714785","2",NULL
"717","2018-10-23T13:03:58.739Z","32.695658","1",NULL
"718","2018-10-23T13:04:02.161Z","32.08406","2",NULL
"719","2018-10-23T13:03:58.902Z","32.549828","1",NULL
"720","2018-10-23T13:04:02.528Z","31.726154","2",NULL
"721","2018-10-23T13:03:59.054Z","32.406708","1",NULL
"722","2018-10-23T13:04:02.779Z","31.475709","2",NULL
"723","2018-10-23T13:03:59.585Z","31.89854","1",NULL
"724","2018-10-23T13:04:03.280Z","30.975715","2",NULL
"725","2018-10-23T13:03:59.893Z","31.89854","1",NULL
"726","2018-10-23T13:04:03.744Z","30.474574","2",NULL
"727","2018-10-23T13:04:00.011Z","31.89854","1",NULL
"728","2018-10-23T13:04:04.661Z","29.657498","2",NULL
"729","2018-10-23T13:04:00.210Z","33.89854","1",NULL
"730","2018-10-23T13:04:04.937Z","31.244705","2",NULL
"731","2018-10-23T13:04:00.273Z","33.89854","1",NULL
"732","2018-10-23T13:04:05.031Z","31.157988","2",NULL
"733","2018-10-23T13:04:00.492Z","33.853627","1",NULL
"734","2018-10-23T13:04:05.354Z","30.852953","2",NULL
"735","2018-10-23T13:04:00.590Z","33.751191","1",NULL
"736","2018-10-23T13:04:05.392Z","30.851439","2",NULL
"737","2018-10-23T13:04:00.747Z","33.600821","1",NULL
"738","2018-10-23T13:04:05.495Z","30.687193","2",NULL
"739","2018-10-23T13:04:01.254Z","33.104779","1",NULL
"740","2018-10-23T13:04:05.765Z","30.437325","2",NULL
"741","2018-10-23T13:04:01.512Z","32.842785","1",NULL
"742","2018-10-23T13:04:06.001Z","30.186226","2",NULL
"743","2018-10-23T13:04:02.154Z","32.21206","1",NULL
"744","2018-10-23T13:04:06.512Z","29.682998","2",NULL
"745","2018-10-23T13:04:02.519Z","31.854154","1",NULL
"746","2018-10-23T13:04:06.803Z","29.374595","2",NULL
"747","2018-10-23T13:04:02.765Z","31.603709","1",NULL
"748","2018-10-23T13:04:06.962Z","31.179623","2",NULL
"749","2018-10-23T13:04:03.259Z","31.103715","1",NULL
"750","2018-10-23T13:04:07.440Z","30.809309","2",NULL
"751","2018-10-23T13:04:03.741Z","30.602574","1",NULL
"752","2018-10-23T13:04:07.457Z","30.753302","2",NULL
"753","2018-10-23T13:04:04.627Z","29.785498","1",NULL
"754","2018-10-23T13:04:07.839Z","30.323832","2",NULL
"755","2018-10-23T13:04:04.935Z","29.410038","1",NULL
"756","2018-10-23T13:04:07.936Z","32.17478","2",NULL
"757","2018-10-23T13:04:05.350Z","29.143286","1",NULL
"758","2018-10-23T13:04:07.981Z","32.12214","2",NULL
"759","2018-10-23T13:04:05.360Z","29.141772","1",NULL
"760","2018-10-23T13:04:08.250Z","31.863809","2",NULL
"761","2018-10-23T13:04:05.469Z","30.871849","1",NULL
"762","2018-10-23T13:04:08.765Z","31.365602","2",NULL
"763","2018-10-23T13:04:05.487Z","30.852526","1",NULL
"764","2018-10-23T13:04:09.394Z","30.737463","2",NULL
"765","2018-10-23T13:04:05.752Z","30.602658","1",NULL
"766","2018-10-23T13:04:09.659Z","32.462277","2",NULL
"767","2018-10-23T13:04:05.997Z","30.351559","1",NULL
"768","2018-10-23T13:04:09.708Z","32.420244","2",NULL
"769","2018-10-23T13:04:06.499Z","29.848331","1",NULL
"770","2018-10-23T13:04:09.909Z","32.250175","2",NULL
"771","2018-10-23T13:04:06.800Z","29.539928","1",NULL
"772","2018-10-23T13:04:10.090Z","32.070966","2",NULL
"773","2018-10-23T13:04:07.401Z","29.011976","1",NULL
"774","2018-10-23T13:04:10.445Z","31.641929","2",NULL
"775","2018-10-23T13:04:07.452Z","28.955969","1",NULL
"776","2018-10-23T13:04:10.452Z","31.631239","2",NULL
"777","2018-10-23T13:04:07.827Z","28.526499","1",NULL
"778","2018-10-23T13:04:10.759Z","31.326606","2",NULL
"779","2018-10-23T13:04:07.931Z","30.41478","1",NULL
"780","2018-10-23T13:04:10.775Z","31.294593","2",NULL
"781","2018-10-23T13:04:07.977Z","30.36214","1",NULL
"782","2018-10-23T13:04:11.246Z","30.82227","2",NULL
"783","2018-10-23T13:04:08.244Z","30.103809","1",NULL
"784","2018-10-23T13:04:11.934Z","30.146424","2",NULL
"785","2018-10-23T13:04:08.743Z","29.605602","1",NULL
"786","2018-10-23T13:04:12.254Z","29.82992","2",NULL
"787","2018-10-23T13:04:12.500Z","29.578679","2",NULL
"788","2018-10-23T13:04:09.388Z","28.977463","1",NULL
"789","2018-10-23T13:04:13.464Z","28.940334","2",NULL
"790","2018-10-23T13:04:09.654Z","28.73961","1",NULL
"791","2018-10-23T13:04:13.472Z","28.857899","2",NULL
"792","2018-10-23T13:04:09.863Z","28.527508","1",NULL
"793","2018-10-23T13:04:13.561Z","28.554639","2",NULL
"794","2018-10-23T13:04:10.078Z","28.348299","1",NULL
"795","2018-10-23T13:04:13.569Z","28.51872","2",NULL
"796","2018-10-23T13:04:10.442Z","27.919262","1",NULL
"797","2018-10-23T13:04:13.624Z","28.475537","2",NULL
"798","2018-10-23T13:04:10.449Z","27.908572","1",NULL
"799","2018-10-23T13:04:13.636Z","28.471094","2",NULL
"800","2018-10-23T13:04:10.553Z","29.786304","1",NULL
"801","2018-10-23T13:04:13.899Z","28.168541","2",NULL
"802","2018-10-23T13:04:10.747Z","29.603939","1",NULL
"803","2018-10-23T13:04:13.996Z","28.074808","2",NULL
"804","2018-10-23T13:04:10.771Z","29.571926","1",NULL
"805","2018-10-23T13:04:14.364Z","27.708544","2",NULL
"806","2018-10-23T13:04:11.244Z","29.099603","1",NULL
"807","2018-10-23T13:04:14.602Z","29.435819","2",NULL
"808","2018-10-23T13:04:11.931Z","28.423757","1",NULL
"809","2018-10-23T13:04:14.684Z","29.344824","2",NULL
"810","2018-10-23T13:04:12.240Z","28.107253","1",NULL
"811","2018-10-23T13:04:14.783Z","29.248686","2",NULL
"812","2018-10-23T13:04:12.492Z","27.856012","1",NULL
"813","2018-10-23T13:04:14.982Z","31.027791","2",NULL
"814","2018-10-23T13:04:13.460Z","27.801","1",NULL
"815","2018-10-23T13:04:15.077Z","30.985225","2",NULL
"816","2018-10-23T13:04:13.467Z","27.718565","1",NULL
"817","2018-10-23T13:04:15.176Z","30.867198","2",NULL
"818","2018-10-23T13:04:13.554Z","27.665305","1",NULL
"819","2018-10-23T13:04:15.248Z","32.704987","2",NULL
"820","2018-10-23T13:04:13.567Z","27.629386","1",NULL
"821","2018-10-23T13:04:15.336Z","32.623007","2",NULL
"822","2018-10-23T13:04:13.595Z","28.044537","1",NULL
"823","2018-10-23T13:04:15.497Z","32.462916","2",NULL
"824","2018-10-23T13:04:13.633Z","28.040094","1",NULL
"825","2018-10-23T13:04:15.644Z","32.310708","2",NULL
"826","2018-10-23T13:04:13.780Z","28.558273","1",NULL
"827","2018-10-23T13:04:15.744Z","32.211197","2",NULL
"828","2018-10-23T13:04:13.856Z","30.485574","1",NULL
"829","2018-10-23T13:04:16.247Z","31.713101","2",NULL
"830","2018-10-23T13:04:13.893Z","30.445874","1",NULL
"831","2018-10-23T13:04:16.860Z","31.103774","2",NULL
"832","2018-10-23T13:04:13.993Z","30.352141","1",NULL
"833","2018-10-23T13:04:16.995Z","32.921182","2",NULL
"834","2018-10-23T13:04:14.359Z","29.985877","1",NULL
"835","2018-10-23T13:04:17.112Z","32.818733","2",NULL
"836","2018-10-23T13:04:14.677Z","29.659491","1",NULL
"837","2018-10-23T13:04:17.257Z","32.674187","2",NULL
"838","2018-10-23T13:04:14.780Z","29.563353","1",NULL
"839","2018-10-23T13:04:17.395Z","32.520645","2",NULL
"840","2018-10-23T13:04:15.074Z","29.337225","1",NULL
"841","2018-10-23T13:04:17.545Z","32.384898","2",NULL
"842","2018-10-23T13:04:15.167Z","29.219198","1",NULL
"843","2018-10-23T13:04:17.742Z","32.171389","2",NULL
"844","2018-10-23T13:04:15.328Z","30.470673","1",NULL
"845","2018-10-23T13:04:18.008Z","31.925747","2",NULL
"846","2018-10-23T13:04:15.367Z","30.970296","1",NULL
"847","2018-10-23T13:04:18.299Z","31.619308","2",NULL
"848","2018-10-23T13:04:15.487Z","30.852249","1",NULL
"849","2018-10-23T13:04:18.471Z","31.468425","2",NULL
"850","2018-10-23T13:04:15.641Z","30.700041","1",NULL
"851","2018-10-23T13:04:18.661Z","31.368565","2",NULL
"852","2018-10-23T13:04:15.742Z","30.60053","1",NULL
"853","2018-10-23T13:04:19.027Z","30.922376","2",NULL
"854","2018-10-23T13:04:16.242Z","30.102434","1",NULL
"855","2018-10-23T13:04:19.472Z","30.467911","2",NULL
"856","2018-10-23T13:04:16.854Z","29.493107","1",NULL
"857","2018-10-23T13:04:19.581Z","32.294144","2",NULL
"858","2018-10-23T13:04:17.108Z","29.2454","1",NULL
"859","2018-10-23T13:04:19.742Z","32.13922","2",NULL
"860","2018-10-23T13:04:17.253Z","29.100854","1",NULL
"861","2018-10-23T13:04:19.840Z","32.038702","2",NULL
"862","2018-10-23T13:04:17.392Z","30.322312","1",NULL
"863","2018-10-23T13:04:20.035Z","31.893342","2",NULL
"864","2018-10-23T13:04:17.412Z","30.924952","1",NULL
"865","2018-10-23T13:04:20.196Z","31.68362","2",NULL
"866","2018-10-23T13:04:17.542Z","30.811565","1",NULL
"867","2018-10-23T13:04:20.267Z","31.635865","2",NULL
"868","2018-10-23T13:04:20.751Z","31.142923","2",NULL
"869","2018-10-23T13:04:17.739Z","30.598056","1",NULL
"870","2018-10-23T13:04:20.995Z","30.893532","2",NULL
"871","2018-10-23T13:04:17.999Z","30.352414","1",NULL
"872","2018-10-23T13:04:21.246Z","30.643129","2",NULL
"873","2018-10-23T13:04:18.295Z","30.045975","1",NULL
"874","2018-10-23T13:04:22.092Z","29.801611","2",NULL
"875","2018-10-23T13:04:18.329Z","32.007595","1",NULL
"876","2018-10-23T13:04:22.195Z","31.654365","2",NULL
"877","2018-10-23T13:04:18.446Z","31.895092","1",NULL
"878","2018-10-23T13:04:22.290Z","31.556933","2",NULL
"879","2018-10-23T13:04:18.642Z","31.795232","1",NULL
"880","2018-10-23T13:04:22.540Z","31.356849","2",NULL
"881","2018-10-23T13:04:19.008Z","31.349043","1",NULL
"882","2018-10-23T13:04:23.008Z","30.858091","2",NULL
"883","2018-10-23T13:04:19.451Z","30.894578","1",NULL
"884","2018-10-23T13:04:23.029Z","30.820417","2",NULL
"885","2018-10-23T13:04:23.244Z","30.608232","2",NULL
"886","2018-10-23T13:04:19.739Z","30.60322","1",NULL
"887","2018-10-23T13:04:19.837Z","30.502702","1",NULL
"888","2018-10-23T13:04:23.744Z","30.10646","2",NULL
"889","2018-10-23T13:04:20.016Z","30.357342","1",NULL
"890","2018-10-23T13:04:24.889Z","28.988415","2",NULL
"891","2018-10-23T13:04:20.187Z","32.155733","1",NULL
"892","2018-10-23T13:04:25.058Z","30.745958","2",NULL
"893","2018-10-23T13:04:20.194Z","32.14762","1",NULL
"894","2018-10-23T13:04:25.109Z","30.718373","2",NULL
"895","2018-10-23T13:04:20.264Z","32.099865","1",NULL
"896","2018-10-23T13:04:25.268Z","30.56006","2",NULL
"897","2018-10-23T13:04:20.741Z","31.606923","1",NULL
"898","2018-10-23T13:04:25.460Z","30.35669","2",NULL
"899","2018-10-23T13:04:20.991Z","31.357532","1",NULL
"900","2018-10-23T13:04:25.743Z","30.079805","2",NULL
"901","2018-10-23T13:04:21.244Z","31.107129","1",NULL
"902","2018-10-23T13:04:25.811Z","29.996705","2",NULL
"903","2018-10-23T13:04:22.087Z","30.265611","1",NULL
"904","2018-10-23T13:04:26.250Z","29.570358","2",NULL
"905","2018-10-23T13:04:22.287Z","30.058266","1",NULL
"906","2018-10-23T13:04:26.500Z","29.317898","2",NULL
"907","2018-10-23T13:04:22.537Z","29.858182","1",NULL
"908","2018-10-23T13:04:27.046Z","28.77477","2",NULL
"909","2018-10-23T13:04:22.755Z","31.586843","1",NULL
"910","2018-10-23T13:04:27.142Z","30.622851","2",NULL
"911","2018-10-23T13:04:22.991Z","31.359424","1",NULL
"912","2018-10-23T13:04:27.378Z","30.453263","2",NULL
"913","2018-10-23T13:04:23.025Z","31.32175","1",NULL
"914","2018-10-23T13:04:27.486Z","30.375786","2",NULL
"915","2018-10-23T13:04:23.238Z","31.109565","1",NULL
"916","2018-10-23T13:04:27.853Z","31.901081","2",NULL
"917","2018-10-23T13:04:23.741Z","30.607793","1",NULL
"918","2018-10-23T13:04:27.876Z","31.85899","2",NULL
"919","2018-10-23T13:04:24.884Z","29.489748","1",NULL
"920","2018-10-23T13:04:27.907Z","31.835482","2",NULL
"921","2018-10-23T13:04:25.100Z","29.25704","1",NULL
"922","2018-10-23T13:04:28.258Z","31.493885","2",NULL
"923","2018-10-23T13:04:25.265Z","29.098727","1",NULL
"924","2018-10-23T13:04:28.306Z","31.445256","2",NULL
"925","2018-10-23T13:04:25.448Z","30.895357","1",NULL
"926","2018-10-23T13:04:28.512Z","31.243627","2",NULL
"927","2018-10-23T13:04:25.471Z","30.871107","1",NULL
"928","2018-10-23T13:04:25.739Z","30.618472","1",NULL
"929","2018-10-23T13:04:28.998Z","30.74428","2",NULL
"930","2018-10-23T13:04:25.807Z","30.535372","1",NULL
"931","2018-10-23T13:04:29.368Z","30.387762","2",NULL
"932","2018-10-23T13:04:26.238Z","30.109025","1",NULL
"933","2018-10-23T13:04:29.474Z","32.21599","2",NULL
"934","2018-10-23T13:04:26.497Z","29.856565","1",NULL
"935","2018-10-23T13:04:27.035Z","29.313437","1",NULL
"936","2018-10-23T13:04:29.667Z","32.054963","2",NULL
"937","2018-10-23T13:04:27.350Z","29.029263","1",NULL
"938","2018-10-23T13:04:29.766Z","31.936117","2",NULL
"939","2018-10-23T13:04:27.481Z","28.951786","1",NULL
"940","2018-10-23T13:04:30.137Z","31.647149","2",NULL
"941","2018-10-23T13:04:27.838Z","28.556081","1",NULL
"942","2018-10-23T13:04:30.365Z","31.354523","2",NULL
"943","2018-10-23T13:04:27.892Z","30.448815","1",NULL
"944","2018-10-23T13:04:30.573Z","31.176675","2",NULL
"945","2018-10-23T13:04:27.960Z","30.380365","1",NULL
"946","2018-10-23T13:04:30.993Z","30.707768","2",NULL
"947","2018-10-23T13:04:28.240Z","30.107218","1",NULL
"948","2018-10-23T13:04:31.254Z","30.45749","2",NULL
"949","2018-10-23T13:04:28.283Z","30.058589","1",NULL
"950","2018-10-23T13:04:31.512Z","30.206946","2",NULL
"951","2018-10-23T13:04:28.499Z","29.85696","1",NULL
"952","2018-10-23T13:04:32.034Z","29.703292","2",NULL
"953","2018-10-23T13:04:28.986Z","29.357613","1",NULL
"954","2018-10-23T13:04:32.153Z","31.535885","2",NULL
"955","2018-10-23T13:04:29.363Z","29.001095","1",NULL
"956","2018-10-23T13:04:32.161Z","31.515796","2",NULL
"957","2018-10-23T13:04:29.645Z","28.70563","1",NULL
"958","2018-10-23T13:04:32.323Z","31.385611","2",NULL
"959","2018-10-23T13:04:29.763Z","28.586784","1",NULL
"960","2018-10-23T13:04:32.597Z","33.069173","2",NULL
"961","2018-10-23T13:04:30.096Z","28.297816","1",NULL
"962","2018-10-23T13:04:32.641Z","33.024084","2",NULL
"963","2018-10-23T13:04:30.282Z","30.06885","1",NULL
"964","2018-10-23T13:04:32.841Z","32.802221","2",NULL
"965","2018-10-23T13:04:30.350Z","30.00519","1",NULL
"966","2018-10-23T13:04:33.021Z","32.632723","2",NULL
"967","2018-10-23T13:04:30.534Z","29.827342","1",NULL
"968","2018-10-23T13:04:33.242Z","32.379085","2",NULL
"969","2018-10-23T13:04:30.988Z","29.358435","1",NULL
"970","2018-10-23T13:04:33.777Z","31.882953","2",NULL
"971","2018-10-23T13:04:31.238Z","29.108157","1",NULL
"972","2018-10-23T13:04:33.993Z","31.633233","2",NULL
"973","2018-10-23T13:04:31.495Z","28.857613","1",NULL
"974","2018-10-23T13:04:34.508Z","31.159946","2",NULL
"975","2018-10-23T13:04:32.023Z","28.353959","1",NULL
"976","2018-10-23T13:04:34.611Z","32.983971","2",NULL
"977","2018-10-23T13:04:32.137Z","28.223885","1",NULL
"978","2018-10-23T13:04:34.716Z","32.96158","2",NULL
"979","2018-10-23T13:04:32.312Z","28.073611","1",NULL
"980","2018-10-23T13:04:34.807Z","32.811505","2",NULL
"981","2018-10-23T13:04:32.591Z","27.794506","1",NULL
"982","2018-10-23T13:04:35.119Z","32.482287","2",NULL
"983","2018-10-23T13:04:32.685Z","29.659322","1",NULL
"984","2018-10-23T13:04:35.239Z","32.349569","2",NULL
"985","2018-10-23T13:04:32.813Z","29.527554","1",NULL
"986","2018-10-23T13:04:35.519Z","32.075719","2",NULL
"987","2018-10-23T13:04:33.010Z","29.358056","1",NULL
"988","2018-10-23T13:04:36.067Z","31.559524","2",NULL
"989","2018-10-23T13:04:33.241Z","29.104418","1",NULL
"990","2018-10-23T13:04:36.195Z","31.45657","2",NULL
"991","2018-10-23T13:04:33.775Z","28.608286","1",NULL
"992","2018-10-23T13:04:36.509Z","31.098729","2",NULL
"993","2018-10-23T13:04:33.991Z","28.358566","1",NULL
"994","2018-10-23T13:04:37.009Z","30.70507","2",NULL
"995","2018-10-23T13:04:34.504Z","27.885279","1",NULL
"996","2018-10-23T13:04:37.080Z","32.463319","2",NULL
"997","2018-10-23T13:04:34.690Z","27.724247","1",NULL
"998","2018-10-23T13:04:37.270Z","32.308941","2",NULL
"999","2018-10-23T13:04:34.782Z","27.574172","1",NULL
"1000","2018-10-23T13:04:37.466Z","32.125836","2",NULL
"1001","2018-10-23T13:04:35.116Z","27.244954","1",NULL
"1002","2018-10-23T13:04:37.701Z","31.846328","2",NULL
"1003","2018-10-23T13:04:35.197Z","29.149012","1",NULL
"1004","2018-10-23T13:04:37.760Z","31.799098","2",NULL
"1005","2018-10-23T13:04:35.234Z","29.112236","1",NULL
"1006","2018-10-23T13:04:38.534Z","31.073882","2",NULL
"1007","2018-10-23T13:04:35.514Z","28.838386","1",NULL
"1008","2018-10-23T13:04:38.556Z","31.058053","2",NULL
"1009","2018-10-23T13:04:35.995Z","30.382189","1",NULL
"1010","2018-10-23T13:04:38.798Z","30.802954","2",NULL
"1011","2018-10-23T13:04:36.045Z","30.322191","1",NULL
"1012","2018-10-23T13:04:38.826Z","30.787339","2",NULL
"1013","2018-10-23T13:04:36.155Z","30.219237","1",NULL
"1014","2018-10-23T13:04:39.418Z","30.137721","2",NULL
"1015","2018-10-23T13:04:36.506Z","29.861396","1",NULL
"1016","2018-10-23T13:04:39.519Z","31.982459","2",NULL
"1017","2018-10-23T13:04:37.001Z","29.467737","1",NULL
"1018","2018-10-23T13:04:39.795Z","31.769666","2",NULL
"1019","2018-10-23T13:04:37.246Z","29.108941","1",NULL
"1020","2018-10-23T13:04:39.889Z","31.640799","2",NULL
"1021","2018-10-23T13:04:37.429Z","28.925836","1",NULL
"1022","2018-10-23T13:04:40.094Z","31.464256","2",NULL
"1023","2018-10-23T13:04:37.528Z","30.812467","1",NULL
"1024","2018-10-23T13:04:40.216Z","31.342767","2",NULL
"1025","2018-10-23T13:04:37.695Z","30.646328","1",NULL
"1026","2018-10-23T13:04:40.516Z","31.018861","2",NULL
"1027","2018-10-23T13:04:37.757Z","30.599098","1",NULL
"1028","2018-10-23T13:04:40.613Z","30.900147","2",NULL
"1029","2018-10-23T13:04:38.524Z","29.873882","1",NULL
"1030","2018-10-23T13:04:41.016Z","30.519669","2",NULL
"1031","2018-10-23T13:04:38.551Z","29.858053","1",NULL
"1032","2018-10-23T13:04:41.260Z","30.269505","2",NULL
"1033","2018-10-23T13:04:38.580Z","31.759475","1",NULL
"1034","2018-10-23T13:04:41.539Z","30.017894","2",NULL
"1035","2018-10-23T13:04:38.768Z","31.602954","1",NULL
"1036","2018-10-23T13:04:41.849Z","29.658341","2",NULL
"1037","2018-10-23T13:04:38.822Z","31.587339","1",NULL
"1038","2018-10-23T13:04:42.126Z","31.332788","2",NULL
"1039","2018-10-23T13:04:39.410Z","30.937721","1",NULL
"1040","2018-10-23T13:04:42.273Z","31.227245","2",NULL
"1041","2018-10-23T13:04:39.758Z","30.606999","1",NULL
"1042","2018-10-23T13:04:42.340Z","31.128899","2",NULL
"1043","2018-10-23T13:04:39.880Z","30.478132","1",NULL
"1044","2018-10-23T13:04:42.819Z","32.637602","2",NULL
"1045","2018-10-23T13:04:40.079Z","30.301589","1",NULL
"1046","2018-10-23T13:04:42.826Z","32.610969","2",NULL
"1047","2018-10-23T13:04:40.202Z","31.388433","1",NULL
"1048","2018-10-23T13:04:42.984Z","32.475146","2",NULL
"1049","2018-10-23T13:04:40.282Z","32.057062","1",NULL
"1050","2018-10-23T13:04:43.239Z","32.190786","2",NULL
"1051","2018-10-23T13:04:40.496Z","31.856194","1",NULL
"1052","2018-10-23T13:04:43.488Z","31.94296","2",NULL
"1053","2018-10-23T13:04:40.604Z","31.73748","1",NULL
"1054","2018-10-23T13:04:44.039Z","31.435569","2",NULL
"1055","2018-10-23T13:04:41.006Z","31.357002","1",NULL
"1056","2018-10-23T13:04:44.765Z","30.691022","2",NULL
"1057","2018-10-23T13:04:41.255Z","31.106838","1",NULL
"1058","2018-10-23T13:04:44.803Z","32.592804","2",NULL
"1059","2018-10-23T13:04:41.520Z","30.855227","1",NULL
"1060","2018-10-23T13:04:45.031Z","32.420031","2",NULL
"1061","2018-10-23T13:04:41.846Z","30.495674","1",NULL
"1062","2018-10-23T13:04:45.128Z","32.327161","2",NULL
"1063","2018-10-23T13:04:42.254Z","30.101912","1",NULL
"1064","2018-10-23T13:04:45.262Z","32.158032","2",NULL
"1065","2018-10-23T13:04:42.330Z","30.003566","1",NULL
"1066","2018-10-23T13:04:45.781Z","31.671654","2",NULL
"1067","2018-10-23T13:04:42.809Z","29.549602","1",NULL
"1068","2018-10-23T13:04:45.788Z","31.655644","2",NULL
"1069","2018-10-23T13:04:42.923Z","31.411169","1",NULL
"1070","2018-10-23T13:04:46.240Z","31.176824","2",NULL
"1071","2018-10-23T13:04:42.976Z","31.387146","1",NULL
"1072","2018-10-23T13:04:46.489Z","30.919736","2",NULL
"1073","2018-10-23T13:04:43.236Z","31.102786","1",NULL
"1074","2018-10-23T13:04:47.381Z","30.077838","2",NULL
"1075","2018-10-23T13:04:43.486Z","30.85496","1",NULL
"1076","2018-10-23T13:04:44.035Z","30.347569","1",NULL
"1077","2018-10-23T13:04:47.409Z","31.948669","2",NULL
"1078","2018-10-23T13:04:44.762Z","29.603022","1",NULL
"1079","2018-10-23T13:04:47.713Z","31.873241","2",NULL
"1080","2018-10-23T13:04:45.025Z","29.369364","1",NULL
"1081","2018-10-23T13:04:47.732Z","31.663358","2",NULL
"1082","2018-10-23T13:04:45.084Z","29.276494","1",NULL
"1083","2018-10-23T13:04:48.102Z","31.336989","2",NULL
"1084","2018-10-23T13:04:45.258Z","29.107365","1",NULL
"1085","2018-10-23T13:04:48.175Z","31.206678","2",NULL
"1086","2018-10-23T13:04:45.565Z","30.798131","1",NULL
"1087","2018-10-23T13:04:48.246Z","31.122551","2",NULL
"1088","2018-10-23T13:04:45.773Z","30.620987","1",NULL
"1089","2018-10-23T13:04:48.494Z","30.872025","2",NULL
"1090","2018-10-23T13:04:45.785Z","30.604977","1",NULL
"1091","2018-10-23T13:04:48.606Z","30.759389","2",NULL
"1092","2018-10-23T13:04:46.235Z","30.126157","1",NULL
"1093","2018-10-23T13:04:48.771Z","30.621677","2",NULL
"1094","2018-10-23T13:04:46.486Z","29.869069","1",NULL
"1095","2018-10-23T13:04:49.415Z","29.9537","2",NULL
"1096","2018-10-23T13:04:47.366Z","29.027171","1",NULL
"1097","2018-10-23T13:04:49.544Z","31.769829","2",NULL
"1098","2018-10-23T13:04:47.710Z","28.859908","1",NULL
"1099","2018-10-23T13:04:49.615Z","31.705239","2",NULL
"1100","2018-10-23T13:04:47.729Z","28.650025","1",NULL
"1101","2018-10-23T13:04:49.751Z","31.581374","2",NULL
"1102","2018-10-23T13:04:48.098Z","28.323656","1",NULL
"1103","2018-10-23T13:04:49.949Z","31.379311","2",NULL
"1104","2018-10-23T13:04:48.158Z","28.193345","1",NULL
"1105","2018-10-23T13:04:49.990Z","31.331459","2",NULL
"1106","2018-10-23T13:04:48.242Z","29.192551","1",NULL
"1107","2018-10-23T13:04:50.295Z","33.006032","2",NULL
"1108","2018-10-23T13:04:48.340Z","30.026611","1",NULL
"1109","2018-10-23T13:04:50.339Z","32.963796","2",NULL
"1110","2018-10-23T13:04:48.492Z","29.858692","1",NULL
"1111","2018-10-23T13:04:50.346Z","32.951513","2",NULL
"1112","2018-10-23T13:04:48.594Z","29.746056","1",NULL
"1113","2018-10-23T13:04:51.108Z","32.258419","2",NULL
"1114","2018-10-23T13:04:48.742Z","29.608344","1",NULL
"1115","2018-10-23T13:04:51.138Z","32.226344","2",NULL
"1116","2018-10-23T13:04:49.405Z","28.940367","1",NULL
"1117","2018-10-23T13:04:51.336Z","31.955395","2",NULL
"1118","2018-10-23T13:04:49.610Z","28.729239","1",NULL
"1119","2018-10-23T13:04:51.496Z","31.804274","2",NULL
"1120","2018-10-23T13:04:49.660Z","30.677282","1",NULL
"1121","2018-10-23T13:04:51.823Z","31.488007","2",NULL
"1122","2018-10-23T13:04:49.736Z","30.605374","1",NULL
"1123","2018-10-23T13:04:52.248Z","31.066898","2",NULL
"1124","2018-10-23T13:04:49.943Z","30.403311","1",NULL
"1125","2018-10-23T13:04:52.739Z","30.55812","2",NULL
"1126","2018-10-23T13:04:49.984Z","30.355459","1",NULL
"1127","2018-10-23T13:04:52.748Z","30.544649","2",NULL
"1128","2018-10-23T13:04:50.335Z","30.025129","1",NULL
"1129","2018-10-23T13:04:53.024Z","30.306982","2",NULL
"1130","2018-10-23T13:04:50.342Z","30.012846","1",NULL
"1131","2018-10-23T13:04:53.244Z","30.059022","2",NULL
"1132","2018-10-23T13:04:51.082Z","29.319752","1",NULL
"1133","2018-10-23T13:04:53.496Z","29.808616","2",NULL
"1134","2018-10-23T13:04:51.116Z","29.287677","1",NULL
"1135","2018-10-23T13:04:54.012Z","29.307655","2",NULL
"1136","2018-10-23T13:04:51.197Z","31.152617","1",NULL
"1137","2018-10-23T13:04:54.457Z","28.84021","2",NULL
"1138","2018-10-23T13:04:51.333Z","31.016728","1",NULL
"1139","2018-10-23T13:04:54.540Z","30.736201","2",NULL
"1140","2018-10-23T13:04:51.492Z","30.865607","1",NULL
"1141","2018-10-23T13:04:54.550Z","30.701045","2",NULL
"1142","2018-10-23T13:04:51.819Z","30.54934","1",NULL
"1143","2018-10-23T13:04:54.752Z","30.520057","2",NULL
"1144","2018-10-23T13:04:52.243Z","30.128231","1",NULL
"1145","2018-10-23T13:04:55.059Z","30.232228","2",NULL
"1146","2018-10-23T13:04:52.655Z","31.698674","1",NULL
"1147","2018-10-23T13:04:55.221Z","30.036711","2",NULL
"1148","2018-10-23T13:04:52.736Z","31.619453","1",NULL
"1149","2018-10-23T13:04:55.526Z","29.76956","2",NULL
"1150","2018-10-23T13:04:52.744Z","31.605982","1",NULL
"1151","2018-10-23T13:04:55.830Z","29.49481","2",NULL
"1152","2018-10-23T13:04:53.021Z","31.368315","1",NULL
"1153","2018-10-23T13:04:56.017Z","29.332638","2",NULL
"1154","2018-10-23T13:04:53.241Z","31.120355","1",NULL
"1155","2018-10-23T13:04:56.123Z","29.168869","2",NULL
"1156","2018-10-23T13:04:53.487Z","30.869949","1",NULL
"1157","2018-10-23T13:04:56.271Z","28.999102","2",NULL
"1158","2018-10-23T13:04:53.991Z","30.368988","1",NULL
"1159","2018-10-23T13:04:56.501Z","28.769758","2",NULL
"1160","2018-10-23T13:04:54.455Z","29.901543","1",NULL
"1161","2018-10-23T13:04:57.383Z","27.895442","2",NULL
"1162","2018-10-23T13:04:54.518Z","29.834868","1",NULL
"1163","2018-10-23T13:04:57.452Z","29.772435","2",NULL
"1164","2018-10-23T13:04:54.743Z","29.618724","1",NULL
"1165","2018-10-23T13:04:57.800Z","29.516192","2",NULL
"1166","2018-10-23T13:04:55.052Z","29.622562","1",NULL
"1167","2018-10-23T13:04:57.824Z","29.463541","2",NULL
"1168","2018-10-23T13:04:55.161Z","31.189282","1",NULL
"1169","2018-10-23T13:04:58.028Z","29.213732","2",NULL
"1170","2018-10-23T13:04:55.216Z","31.135378","1",NULL
"1171","2018-10-23T13:04:58.033Z","29.194017","2",NULL
"1172","2018-10-23T13:04:55.520Z","30.868227","1",NULL
"1173","2018-10-23T13:04:58.077Z","31.110828","2",NULL
"1174","2018-10-23T13:04:55.828Z","30.593477","1",NULL
"1175","2018-10-23T13:04:58.337Z","30.845751","2",NULL
"1176","2018-10-23T13:04:55.979Z","30.431305","1",NULL
"1177","2018-10-23T13:04:58.488Z","30.695936","2",NULL
"1178","2018-10-23T13:04:56.111Z","31.225869","1",NULL
"1179","2018-10-23T13:04:58.762Z","30.442203","2",NULL
"1180","2018-10-23T13:04:56.230Z","32.142111","1",NULL
"1181","2018-10-23T13:04:59.746Z","29.455501","2",NULL
"1182","2018-10-23T13:04:56.256Z","32.097769","1",NULL
"1183","2018-10-23T13:05:00.012Z","31.138183","2",NULL
"1184","2018-10-23T13:04:56.492Z","31.868425","1",NULL
"1185","2018-10-23T13:05:00.027Z","31.108434","2",NULL
"1186","2018-10-23T13:04:57.377Z","30.994109","1",NULL
"1187","2018-10-23T13:05:00.169Z","31.006361","2",NULL
"1188","2018-10-23T13:04:57.782Z","30.652192","1",NULL
"1189","2018-10-23T13:05:00.683Z","30.525718","2",NULL
"1190","2018-10-23T13:04:57.813Z","30.599541","1",NULL
"1191","2018-10-23T13:05:00.830Z","30.316523","2",NULL
"1192","2018-10-23T13:04:57.905Z","32.451425","1",NULL
"1193","2018-10-23T13:05:00.993Z","30.15376","2",NULL
"1194","2018-10-23T13:04:58.025Z","32.349732","1",NULL
"1195","2018-10-23T13:05:01.254Z","29.904139","2",NULL
"1196","2018-10-23T13:05:01.873Z","29.295903","2",NULL
"1197","2018-10-23T13:04:58.030Z","32.330017","1",NULL
"1198","2018-10-23T13:05:01.921Z","31.17881","2",NULL
"1199","2018-10-23T13:04:58.333Z","32.019084","1",NULL
"1200","2018-10-23T13:05:02.359Z","30.822631","2",NULL
"1201","2018-10-23T13:04:58.485Z","31.869269","1",NULL
"1202","2018-10-23T13:05:02.376Z","30.81353","2",NULL
"1203","2018-10-23T13:04:58.735Z","31.615536","1",NULL
"1204","2018-10-23T13:05:02.928Z","32.227265","2",NULL
"1205","2018-10-23T13:04:59.731Z","30.628834","1",NULL
"1206","2018-10-23T13:05:02.969Z","32.114177","2",NULL
"1207","2018-10-23T13:05:00.008Z","30.34885","1",NULL
"1208","2018-10-23T13:05:03.132Z","31.996886","2",NULL
"1209","2018-10-23T13:05:00.163Z","30.217028","1",NULL
"1210","2018-10-23T13:05:03.161Z","31.917199","2",NULL
"1211","2018-10-23T13:05:00.669Z","29.736385","1",NULL
"1212","2018-10-23T13:05:03.514Z","31.590095","2",NULL
"1213","2018-10-23T13:05:00.787Z","31.56061","1",NULL
"1214","2018-10-23T13:05:03.751Z","31.339794","2",NULL
"1215","2018-10-23T13:05:00.824Z","31.52719","1",NULL
"1216","2018-10-23T13:05:04.306Z","30.788892","2",NULL
"1217","2018-10-23T13:05:00.988Z","31.364427","1",NULL
"1218","2018-10-23T13:05:04.473Z","32.566285","2",NULL
"1219","2018-10-23T13:05:01.234Z","31.114806","1",NULL
"1220","2018-10-23T13:05:04.638Z","32.39909","2",NULL
"1221","2018-10-23T13:05:01.866Z","30.50657","1",NULL
"1222","2018-10-23T13:05:04.777Z","32.303492","2",NULL
"1223","2018-10-23T13:05:02.182Z","32.172326","1",NULL
"1224","2018-10-23T13:05:05.004Z","32.051722","2",NULL
"1225","2018-10-23T13:05:02.354Z","32.070631","1",NULL
"1226","2018-10-23T13:05:05.275Z","31.803627","2",NULL
"1227","2018-10-23T13:05:02.374Z","32.06153","1",NULL
"1228","2018-10-23T13:05:05.778Z","31.303735","2",NULL
"1229","2018-10-23T13:05:02.907Z","31.512598","1",NULL
"1230","2018-10-23T13:05:06.238Z","30.803736","2",NULL
"1231","2018-10-23T13:05:03.118Z","31.282219","1",NULL
"1232","2018-10-23T13:05:06.490Z","30.553196","2",NULL
"1233","2018-10-23T13:05:03.156Z","31.202532","1",NULL
"1234","2018-10-23T13:05:06.883Z","30.156181","2",NULL
"1235","2018-10-23T13:05:03.494Z","30.875428","1",NULL
"1236","2018-10-23T13:05:07.007Z","31.98877","2",NULL
"1237","2018-10-23T13:05:03.747Z","30.625127","1",NULL
"1238","2018-10-23T13:05:07.142Z","31.864633","2",NULL
"1239","2018-10-23T13:05:04.285Z","30.074225","1",NULL
"1240","2018-10-23T13:05:07.316Z","31.747447","2",NULL
"1241","2018-10-23T13:05:04.634Z","29.721757","1",NULL
"1242","2018-10-23T13:05:07.505Z","33.462709","2",NULL
"1243","2018-10-23T13:05:04.770Z","29.626159","1",NULL
"1244","2018-10-23T13:05:07.529Z","33.439594","2",NULL
"1245","2018-10-23T13:05:04.911Z","31.44489","1",NULL
"1246","2018-10-23T13:05:07.547Z","33.430995","2",NULL
"1247","2018-10-23T13:05:04.987Z","31.374389","1",NULL
"1248","2018-10-23T13:05:07.786Z","33.174636","2",NULL
"1249","2018-10-23T13:05:05.248Z","31.126294","1",NULL
"1250","2018-10-23T13:05:07.991Z","32.97689","2",NULL
"1251","2018-10-23T13:05:05.755Z","30.626402","1",NULL
"1252","2018-10-23T13:05:08.259Z","32.718297","2",NULL
"1253","2018-10-23T13:05:06.234Z","30.126403","1",NULL
"1254","2018-10-23T13:05:08.754Z","32.225974","2",NULL
"1255","2018-10-23T13:05:06.486Z","29.875863","1",NULL
"1256","2018-10-23T13:05:09.016Z","31.968162","2",NULL
"1257","2018-10-23T13:05:06.881Z","29.478848","1",NULL
"1258","2018-10-23T13:05:09.429Z","31.557964","2",NULL
"1259","2018-10-23T13:05:07.134Z","29.224633","1",NULL
"1260","2018-10-23T13:05:09.661Z","33.323388","2",NULL
"1261","2018-10-23T13:05:07.300Z","29.107447","1",NULL
"1262","2018-10-23T13:05:09.695Z","33.220987","2",NULL
"1263","2018-10-23T13:05:07.502Z","28.860042","1",NULL
"1264","2018-10-23T13:05:07.527Z","28.836927","1",NULL
"1265","2018-10-23T13:05:09.814Z","33.122738","2",NULL
"1266","2018-10-23T13:05:07.575Z","30.779275","1",NULL
"1267","2018-10-23T13:05:10.275Z","32.66618","2",NULL
"1268","2018-10-23T13:05:07.783Z","30.571969","1",NULL
"1269","2018-10-23T13:05:07.983Z","30.374223","1",NULL
"1270","2018-10-23T13:05:10.600Z","32.335494","2",NULL
"1271","2018-10-23T13:05:08.248Z","30.11563","1",NULL
"1272","2018-10-23T13:05:10.796Z","32.187547","2",NULL
"1273","2018-10-23T13:05:08.742Z","29.623307","1",NULL
"1274","2018-10-23T13:05:10.993Z","31.938682","2",NULL
"1275","2018-10-23T13:05:08.989Z","29.365495","1",NULL
"1276","2018-10-23T13:05:11.240Z","31.688965","2",NULL
"1277","2018-10-23T13:05:09.398Z","28.955297","1",NULL
"1278","2018-10-23T13:05:12.161Z","30.78838","2",NULL
"1279","2018-10-23T13:05:09.646Z","28.758055","1",NULL
"1280","2018-10-23T13:05:12.202Z","32.675322","2",NULL
"1281","2018-10-23T13:05:09.802Z","28.557405","1",NULL
"1282","2018-10-23T13:05:12.350Z","32.545747","2",NULL
"1283","2018-10-23T13:05:10.273Z","28.100847","1",NULL
"1284","2018-10-23T13:05:12.537Z","32.370844","2",NULL
"1285","2018-10-23T13:05:10.445Z","29.907725","1",NULL
"1286","2018-10-23T13:05:12.685Z","32.195251","2",NULL
"1287","2018-10-23T13:05:10.590Z","29.770161","1",NULL
"1288","2018-10-23T13:05:13.081Z","31.897205","2",NULL
"1289","2018-10-23T13:05:10.792Z","29.622214","1",NULL
"1290","2018-10-23T13:05:13.242Z","31.640934","2",NULL
"1291","2018-10-23T13:05:10.991Z","29.373349","1",NULL
"1292","2018-10-23T13:05:13.845Z","31.115816","2",NULL
"1293","2018-10-23T13:05:11.238Z","29.123632","1",NULL
"1294","2018-10-23T13:05:13.854Z","31.079428","2",NULL
"1295","2018-10-23T13:05:12.153Z","28.223047","1",NULL
"1296","2018-10-23T13:05:14.127Z","30.761549","2",NULL
"1297","2018-10-23T13:05:12.332Z","28.017747","1",NULL
"1298","2018-10-23T13:05:14.405Z","30.552987","2",NULL
"1299","2018-10-23T13:05:12.529Z","28.801177","1",NULL
"1300","2018-10-23T13:05:14.777Z","30.150032","2",NULL
"1301","2018-10-23T13:05:12.565Z","29.783797","1",NULL
"1302","2018-10-23T13:05:15.034Z","29.870282","2",NULL
"1303","2018-10-23T13:05:12.681Z","29.667251","1",NULL
"1304","2018-10-23T13:05:15.168Z","29.717746","2",NULL
"1305","2018-10-23T13:05:13.014Z","29.369205","1",NULL
"1306","2018-10-23T13:05:15.513Z","29.402635","2",NULL
"1307","2018-10-23T13:05:13.240Z","29.112934","1",NULL
"1308","2018-10-23T13:05:15.738Z","29.152456","2",NULL
"1309","2018-10-23T13:05:13.831Z","28.962816","1",NULL
"1310","2018-10-23T13:05:16.002Z","28.903072","2",NULL
"1311","2018-10-23T13:05:13.852Z","28.926428","1",NULL
"1312","2018-10-23T13:05:16.326Z","28.641077","2",NULL
"1313","2018-10-23T13:05:13.991Z","30.361931","1",NULL
"1314","2018-10-23T13:05:17.154Z","27.758322","2",NULL
"1315","2018-10-23T13:05:14.119Z","30.233549","1",NULL
"1316","2018-10-23T13:05:17.312Z","29.548072","2",NULL
"1317","2018-10-23T13:05:14.370Z","30.024987","1",NULL
"1318","2018-10-23T13:05:17.316Z","29.535258","2",NULL
"1319","2018-10-23T13:05:14.771Z","29.622032","1",NULL
"1320","2018-10-23T13:05:17.490Z","29.364764","2",NULL
"1321","2018-10-23T13:05:15.025Z","29.425615","1",NULL
"1322","2018-10-23T13:05:17.892Z","30.937109","2",NULL
"1323","2018-10-23T13:05:15.097Z","31.254437","1",NULL
"1324","2018-10-23T13:05:17.895Z","30.920324","2",NULL
"1325","2018-10-23T13:05:15.163Z","31.189746","1",NULL
"1326","2018-10-23T13:05:17.942Z","32.834169","2",NULL
"1327","2018-10-23T13:05:15.488Z","30.874635","1",NULL
"1328","2018-10-23T13:05:17.968Z","32.79966","2",NULL
"1329","2018-10-23T13:05:15.732Z","30.624456","1",NULL
"1330","2018-10-23T13:05:18.260Z","32.53565","2",NULL
"1331","2018-10-23T13:05:15.984Z","30.375072","1",NULL
"1332","2018-10-23T13:05:18.284Z","32.487599","2",NULL
"1333","2018-10-23T13:05:16.312Z","30.113077","1",NULL
"1334","2018-10-23T13:05:18.761Z","32.039732","2",NULL
"1335","2018-10-23T13:05:17.151Z","29.230322","1",NULL
"1336","2018-10-23T13:05:19.027Z","31.789673","2",NULL
"1337","2018-10-23T13:05:17.308Z","29.057405","1",NULL
"1338","2018-10-23T13:05:19.845Z","30.92929","2",NULL
"1339","2018-10-23T13:05:17.486Z","28.874097","1",NULL
"1340","2018-10-23T13:05:19.962Z","32.768517","2",NULL
"1341","2018-10-23T13:05:17.886Z","28.483776","1",NULL
"1342","2018-10-23T13:05:20.099Z","32.662903","2",NULL
"1343","2018-10-23T13:05:17.937Z","29.001502","1",NULL
"1344","2018-10-23T13:05:20.342Z","32.460292","2",NULL
"1345","2018-10-23T13:05:18.024Z","30.327365","1",NULL
"1346","2018-10-23T13:05:20.517Z","32.221133","2",NULL
"1347","2018-10-23T13:05:18.241Z","30.11965","1",NULL
"1348","2018-10-23T13:05:20.766Z","31.974949","2",NULL
"1349","2018-10-23T13:05:18.280Z","30.071599","1",NULL
"1350","2018-10-23T13:05:21.019Z","31.734073","2",NULL
"1351","2018-10-23T13:05:18.746Z","29.623732","1",NULL
"1352","2018-10-23T13:05:21.433Z","31.294067","2",NULL
"1353","2018-10-23T13:05:19.003Z","29.373673","1",NULL
"1354","2018-10-23T13:05:21.557Z","31.227623","2",NULL
"1355","2018-10-23T13:05:19.842Z","28.51329","1",NULL
"1356","2018-10-23T13:05:22.074Z","30.761947","2",NULL
"1357","2018-10-23T13:05:20.087Z","28.284236","1",NULL
"1358","2018-10-23T13:05:22.186Z","32.508458","2",NULL
"1359","2018-10-23T13:05:20.333Z","28.081625","1",NULL
"1360","2018-10-23T13:05:22.217Z","32.480809","2",NULL
"1361","2018-10-23T13:05:20.514Z","28.384133","1",NULL
"1362","2018-10-23T13:05:22.498Z","32.278857","2",NULL
"1363","2018-10-23T13:05:20.658Z","29.692535","1",NULL
"1364","2018-10-23T13:05:22.657Z","32.046537","2",NULL
"1365","2018-10-23T13:05:20.761Z","29.596282","1",NULL
"1366","2018-10-23T13:05:22.900Z","31.826244","2",NULL
"1367","2018-10-23T13:05:21.016Z","29.355406","1",NULL
"1368","2018-10-23T13:05:23.000Z","31.739791","2",NULL
"1369","2018-10-23T13:05:21.268Z","31.079871","1",NULL
"1370","2018-10-23T13:05:23.241Z","31.466337","2",NULL
"1371","2018-10-23T13:05:21.430Z","30.9154","1",NULL
"1372","2018-10-23T13:05:23.486Z","31.214538","2",NULL
"1373","2018-10-23T13:05:21.555Z","30.848956","1",NULL
"1374","2018-10-23T13:05:24.001Z","30.710604","2",NULL
"1375","2018-10-23T13:05:22.056Z","30.38328","1",NULL
"1376","2018-10-23T13:05:24.428Z","30.279417","2",NULL
"1377","2018-10-23T13:05:22.212Z","30.139476","1",NULL
"1378","2018-10-23T13:05:24.552Z","32.10186","2",NULL
"1379","2018-10-23T13:05:22.414Z","29.937524","1",NULL
"1380","2018-10-23T13:05:24.599Z","32.064951","2",NULL
"1381","2018-10-23T13:05:22.645Z","31.538537","1",NULL
"1382","2018-10-23T13:05:24.803Z","31.916241","2",NULL
"1383","2018-10-23T13:05:22.844Z","31.522218","1",NULL
"1384","2018-10-23T13:05:25.124Z","31.635313","2",NULL
"1385","2018-10-23T13:05:22.894Z","31.484911","1",NULL
"1386","2018-10-23T13:05:25.522Z","31.177557","2",NULL
"1387","2018-10-23T13:05:22.952Z","31.398458","1",NULL
"1388","2018-10-23T13:05:25.702Z","31.028042","2",NULL
"1389","2018-10-23T13:05:23.232Z","31.125004","1",NULL
"1390","2018-10-23T13:05:25.747Z","30.940459","2",NULL
"1391","2018-10-23T13:05:23.481Z","30.873205","1",NULL
"1392","2018-10-23T13:05:26.248Z","30.456611","2",NULL
"1393","2018-10-23T13:05:23.990Z","30.369271","1",NULL
"1394","2018-10-23T13:05:27.008Z","29.731316","2",NULL
"1395","2018-10-23T13:05:24.425Z","29.938084","1",NULL
"1396","2018-10-23T13:05:27.129Z","31.572016","2",NULL
"1397","2018-10-23T13:05:24.593Z","29.760951","1",NULL
"1398","2018-10-23T13:05:27.142Z","31.551674","2",NULL
"1399","2018-10-23T13:05:24.789Z","29.612241","1",NULL
"1400","2018-10-23T13:05:27.271Z","31.430903","2",NULL
"1401","2018-10-23T13:05:25.081Z","29.331313","1",NULL
"1402","2018-10-23T13:05:27.524Z","31.177514","2",NULL
"1403","2018-10-23T13:05:25.400Z","30.949916","1",NULL
"1404","2018-10-23T13:05:27.885Z","30.816487","2",NULL
"1405","2018-10-23T13:05:25.492Z","30.873557","1",NULL
"1406","2018-10-23T13:05:27.891Z","30.793716","2",NULL
"1407","2018-10-23T13:05:28.160Z","32.533638","2",NULL
"1408","2018-10-23T13:05:25.690Z","30.724042","1",NULL
"1409","2018-10-23T13:05:28.298Z","32.325323","2",NULL
"1410","2018-10-23T13:05:25.746Z","30.636459","1",NULL
"1411","2018-10-23T13:05:28.432Z","32.277096","2",NULL
"1412","2018-10-23T13:05:26.240Z","30.152611","1",NULL
"1413","2018-10-23T13:05:28.579Z","32.115971","2",NULL
"1414","2018-10-23T13:05:27.003Z","29.427316","1",NULL
"1415","2018-10-23T13:05:28.834Z","31.825923","2",NULL
"1416","2018-10-23T13:05:27.105Z","29.305349","1",NULL
"1417","2018-10-23T13:05:28.890Z","31.808407","2",NULL
"1418","2018-10-23T13:05:29.145Z","31.490149","2",NULL
"1419","2018-10-23T13:05:27.233Z","29.164236","1",NULL
"1420","2018-10-23T13:05:29.467Z","31.193124","2",NULL
"1421","2018-10-23T13:05:27.495Z","28.910847","1",NULL
"1422","2018-10-23T13:05:29.516Z","33.095955","2",NULL
"1423","2018-10-23T13:05:27.715Z","30.704371","1",NULL
"1424","2018-10-23T13:05:29.520Z","33.073396","2",NULL
"1425","2018-10-23T13:05:27.882Z","30.54982","1",NULL
"1426","2018-10-23T13:05:29.760Z","32.859322","2",NULL
"1427","2018-10-23T13:05:27.888Z","30.527049","1",NULL
"1428","2018-10-23T13:05:30.039Z","32.570533","2",NULL
"1429","2018-10-23T13:05:28.134Z","30.304305","1",NULL
"1430","2018-10-23T13:05:30.188Z","32.403507","2",NULL
"1431","2018-10-23T13:05:28.423Z","30.047763","1",NULL
"1432","2018-10-23T13:05:30.273Z","32.318581","2",NULL
"1433","2018-10-23T13:05:28.576Z","29.886638","1",NULL
"1434","2018-10-23T13:05:30.808Z","31.85269","2",NULL
"1435","2018-10-23T13:05:28.814Z","29.679923","1",NULL
"1436","2018-10-23T13:05:31.238Z","31.353276","2",NULL
"1437","2018-10-23T13:05:28.864Z","29.662407","1",NULL
"1438","2018-10-23T13:05:31.500Z","31.095704","2",NULL
"1439","2018-10-23T13:05:28.940Z","31.450482","1",NULL
"1440","2018-10-23T13:05:31.952Z","30.631725","2",NULL
"1441","2018-10-23T13:05:29.129Z","31.260816","1",NULL
"1442","2018-10-23T13:05:32.174Z","32.364133","2",NULL
"1443","2018-10-23T13:05:29.436Z","30.963791","1",NULL
"1444","2018-10-23T13:05:32.258Z","32.293656","2",NULL
"1445","2018-10-23T13:05:29.510Z","30.903955","1",NULL
"1446","2018-10-23T13:05:32.290Z","32.258894","2",NULL
"1447","2018-10-23T13:05:29.736Z","30.667322","1",NULL
"1448","2018-10-23T13:05:32.659Z","31.891475","2",NULL
"1449","2018-10-23T13:05:30.032Z","30.878533","1",NULL
"1450","2018-10-23T13:05:32.741Z","31.811652","2",NULL
"1451","2018-10-23T13:05:30.085Z","32.307347","1",NULL
"1452","2018-10-23T13:05:33.015Z","31.560253","2",NULL
"1453","2018-10-23T13:05:30.178Z","32.211507","1",NULL
"1454","2018-10-23T13:05:33.083Z","31.470433","2",NULL
"1455","2018-10-23T13:05:30.271Z","32.126581","1",NULL
"1456","2018-10-23T13:05:33.512Z","31.050973","2",NULL
"1457","2018-10-23T13:05:30.765Z","31.66069","1",NULL
"1458","2018-10-23T13:05:33.995Z","30.558294","2",NULL
"1459","2018-10-23T13:05:31.234Z","31.161276","1",NULL
"1460","2018-10-23T13:05:34.384Z","30.204825","2",NULL
"1461","2018-10-23T13:05:31.496Z","30.903704","1",NULL
"1462","2018-10-23T13:05:34.738Z","29.810104","2",NULL
"1463","2018-10-23T13:05:35.002Z","29.540114","2",NULL
"1464","2018-10-23T13:05:31.948Z","30.439725","1",NULL
"1465","2018-10-23T13:05:35.106Z","29.441407","2",NULL
"1466","2018-10-23T13:05:32.255Z","30.138989","1",NULL
"1467","2018-10-23T13:05:35.577Z","28.976576","2",NULL
"1468","2018-10-23T13:05:32.285Z","30.104227","1",NULL
"1469","2018-10-23T13:05:35.788Z","28.758502","2",NULL
"1470","2018-10-23T13:05:32.647Z","29.945141","1",NULL
"1471","2018-10-23T13:05:35.985Z","28.561295","2",NULL
"1472","2018-10-23T13:05:32.720Z","31.663222","1",NULL
"1473","2018-10-23T13:05:36.258Z","28.31083","2",NULL
"1474","2018-10-23T13:05:32.730Z","31.656985","1",NULL
"1475","2018-10-23T13:05:36.521Z","28.0545","2",NULL
"1476","2018-10-23T13:05:32.990Z","31.405586","1",NULL
"1477","2018-10-23T13:05:36.921Z","27.635467","2",NULL
"1478","2018-10-23T13:05:33.066Z","31.315766","1",NULL
"1479","2018-10-23T13:05:37.058Z","29.453354","2",NULL
"1480","2018-10-23T13:05:33.499Z","30.896306","1",NULL
"1481","2018-10-23T13:05:37.183Z","29.320647","2",NULL
"1482","2018-10-23T13:05:33.982Z","30.403627","1",NULL
"1483","2018-10-23T13:05:37.264Z","29.273682","2",NULL
"1484","2018-10-23T13:05:34.337Z","30.050158","1",NULL
"1485","2018-10-23T13:05:37.548Z","30.914596","2",NULL
"1486","2018-10-23T13:05:34.731Z","29.655437","1",NULL
"1487","2018-10-23T13:05:37.576Z","30.900128","2",NULL
"1488","2018-10-23T13:05:34.933Z","31.450209","1",NULL
"1489","2018-10-23T13:05:37.603Z","30.895071","2",NULL
"1490","2018-10-23T13:05:34.999Z","31.385447","1",NULL
"1491","2018-10-23T13:05:37.730Z","32.694609","2",NULL
"1492","2018-10-23T13:05:35.098Z","31.28674","1",NULL
"1493","2018-10-23T13:05:37.915Z","32.542885","2",NULL
"1494","2018-10-23T13:05:35.573Z","30.821909","1",NULL
"1495","2018-10-23T13:05:37.997Z","32.446161","2",NULL
"1496","2018-10-23T13:05:35.659Z","32.734598","1",NULL
"1497","2018-10-23T13:05:38.507Z","31.949495","2",NULL
"1498","2018-10-23T13:05:35.781Z","32.603835","1",NULL
"1499","2018-10-23T13:05:38.745Z","31.699003","2",NULL
"1500","2018-10-23T13:05:35.982Z","32.406628","1",NULL
"1501","2018-10-23T13:05:39.623Z","30.870768","2",NULL
"1502","2018-10-23T13:05:36.247Z","32.156163","1",NULL
"1503","2018-10-23T13:05:39.786Z","32.626864","2",NULL
"1504","2018-10-23T13:05:36.505Z","31.899833","1",NULL
"1505","2018-10-23T13:05:39.873Z","32.567398","2",NULL
"1506","2018-10-23T13:05:36.918Z","31.4808","1",NULL
"1507","2018-10-23T13:05:39.972Z","32.503542","2",NULL
"1508","2018-10-23T13:05:37.179Z","31.203314","1",NULL
"1509","2018-10-23T13:05:40.282Z","32.123262","2",NULL
"1510","2018-10-23T13:05:37.262Z","31.156349","1",NULL
"1511","2018-10-23T13:05:40.335Z","32.056982","2",NULL
"1512","2018-10-23T13:05:37.568Z","30.820128","1",NULL
"1513","2018-10-23T13:05:40.794Z","31.66176","2",NULL
"1514","2018-10-23T13:05:37.580Z","30.815071","1",NULL
"1515","2018-10-23T13:05:41.254Z","31.158354","2",NULL
"1516","2018-10-23T13:05:37.827Z","32.554935","1",NULL
"1517","2018-10-23T13:05:41.770Z","30.621516","2",NULL
"1518","2018-10-23T13:05:37.897Z","32.500218","1",NULL
"1519","2018-10-23T13:05:41.900Z","32.465785","2",NULL
"1520","2018-10-23T13:05:37.987Z","32.403494","1",NULL
"1521","2018-10-23T13:05:42.094Z","32.261744","2",NULL
"1522","2018-10-23T13:05:38.483Z","31.906828","1",NULL
"1523","2018-10-23T13:05:42.383Z","32.095488","2",NULL
"1524","2018-10-23T13:05:38.737Z","31.656336","1",NULL
"1525","2018-10-23T13:05:42.608Z","31.840243","2",NULL
"1526","2018-10-23T13:05:39.592Z","30.828101","1",NULL
"1527","2018-10-23T13:05:42.827Z","31.544634","2",NULL
"1528","2018-10-23T13:05:39.855Z","30.562065","1",NULL
"1529","2018-10-23T13:05:42.999Z","31.371212","2",NULL
"1530","2018-10-23T13:05:39.947Z","30.498209","1",NULL
"1531","2018-10-23T13:05:43.490Z","30.874052","2",NULL
"1532","2018-10-23T13:05:40.268Z","30.617929","1",NULL
"1533","2018-10-23T13:05:43.739Z","30.624282","2",NULL
"1534","2018-10-23T13:05:40.331Z","32.051649","1",NULL
"1535","2018-10-23T13:05:44.323Z","30.040928","2",NULL
"1536","2018-10-23T13:05:40.390Z","31.992826","1",NULL
"1537","2018-10-23T13:05:44.459Z","31.852922","2",NULL
"1538","2018-10-23T13:05:40.770Z","31.656427","1",NULL
"1539","2018-10-23T13:05:44.716Z","31.732561","2",NULL
"1540","2018-10-23T13:05:41.248Z","31.153021","1",NULL
"1541","2018-10-23T13:05:44.823Z","31.649781","2",NULL
"1542","2018-10-23T13:05:41.767Z","30.616183","1",NULL
"1543","2018-10-23T13:05:45.124Z","31.271463","2",NULL
"1544","2018-10-23T13:05:42.088Z","30.293744","1",NULL
"1545","2018-10-23T13:05:45.491Z","30.84811","2",NULL
"1546","2018-10-23T13:05:42.322Z","30.127488","1",NULL
"1547","2018-10-23T13:05:45.657Z","30.679612","2",NULL
"1548","2018-10-23T13:05:42.605Z","29.872243","1",NULL
"1549","2018-10-23T13:05:45.736Z","30.587067","2",NULL
"1550","2018-10-23T13:05:42.741Z","31.640515","1",NULL
"1551","2018-10-23T13:05:45.985Z","30.336855","2",NULL
"1552","2018-10-23T13:05:46.500Z","29.837074","2",NULL
"1553","2018-10-23T13:05:42.815Z","31.576634","1",NULL
"1554","2018-10-23T13:05:46.867Z","29.452958","2",NULL
"1555","2018-10-23T13:05:42.993Z","31.403212","1",NULL
"1556","2018-10-23T13:05:47.126Z","31.177253","2",NULL
"1557","2018-10-23T13:05:43.482Z","30.906052","1",NULL
"1558","2018-10-23T13:05:47.232Z","31.128873","2",NULL
"1559","2018-10-23T13:05:47.277Z","31.018767","2",NULL
"1560","2018-10-23T13:05:43.737Z","30.656282","1",NULL
"1561","2018-10-23T13:05:47.697Z","30.596664","2",NULL
"1562","2018-10-23T13:05:44.317Z","30.072928","1",NULL
"1563","2018-10-23T13:05:48.019Z","30.370915","2",NULL
"1564","2018-10-23T13:05:44.688Z","29.801894","1",NULL
"1565","2018-10-23T13:05:48.488Z","29.876954","2",NULL
"1566","2018-10-23T13:05:44.809Z","29.719114","1",NULL
"1567","2018-10-23T13:05:48.543Z","31.71497","2",NULL
"1568","2018-10-23T13:05:45.104Z","29.340796","1",NULL
"1569","2018-10-23T13:05:48.579Z","31.713084","2",NULL
"1570","2018-10-23T13:05:45.488Z","29.042443","1",NULL
"1571","2018-10-23T13:05:48.589Z","31.706891","2",NULL
"1572","2018-10-23T13:05:45.554Z","30.827077","1",NULL
"1573","2018-10-23T13:05:48.822Z","31.450148","2",NULL
"1574","2018-10-23T13:05:45.636Z","30.748945","1",NULL
"1575","2018-10-23T13:05:49.082Z","31.159922","2",NULL
"1576","2018-10-23T13:05:45.734Z","30.6564","1",NULL
"1577","2018-10-23T13:05:49.474Z","30.806345","2",NULL
"1578","2018-10-23T13:05:45.979Z","30.406188","1",NULL
"1579","2018-10-23T13:05:49.636Z","32.56063","2",NULL
"1580","2018-10-23T13:05:46.496Z","29.906407","1",NULL
"1581","2018-10-23T13:05:49.769Z","32.473438","2",NULL
"1582","2018-10-23T13:05:46.862Z","29.522291","1",NULL
"1583","2018-10-23T13:05:49.817Z","32.407873","2",NULL
"1584","2018-10-23T13:05:47.213Z","29.23554","1",NULL
"1585","2018-10-23T13:05:50.010Z","32.196864","2",NULL
"1586","2018-10-23T13:05:47.261Z","29.125434","1",NULL
"1587","2018-10-23T13:05:50.127Z","32.072563","2",NULL
"1588","2018-10-23T13:05:47.449Z","30.934965","1",NULL
"1589","2018-10-23T13:05:50.486Z","31.724789","2",NULL
"1590","2018-10-23T13:05:47.681Z","30.703331","1",NULL
"1591","2018-10-23T13:05:50.835Z","31.470078","2",NULL
"1592","2018-10-23T13:05:47.973Z","30.477582","1",NULL
"1593","2018-10-23T13:05:51.257Z","30.987113","2",NULL
"1594","2018-10-23T13:05:48.485Z","29.983621","1",NULL
"1595","2018-10-23T13:05:52.039Z","30.239084","2",NULL
"1596","2018-10-23T13:05:48.529Z","29.85897","1",NULL
"1597","2018-10-23T13:05:52.049Z","32.112427","2",NULL
"1598","2018-10-23T13:05:48.565Z","29.857084","1",NULL
"1599","2018-10-23T13:05:52.277Z","31.936193","2",NULL
"1600","2018-10-23T13:05:48.806Z","29.594148","1",NULL
"1601","2018-10-23T13:05:52.300Z","31.910662","2",NULL
"1602","2018-10-23T13:05:49.078Z","31.303922","1",NULL
"1603","2018-10-23T13:05:52.487Z","31.683864","2",NULL
"1604","2018-10-23T13:05:49.136Z","31.245204","1",NULL
"1605","2018-10-23T13:05:52.581Z","31.586902","2",NULL
"1606","2018-10-23T13:05:49.460Z","30.950345","1",NULL
"1607","2018-10-23T13:05:52.983Z","31.187535","2",NULL
"1608","2018-10-23T13:05:49.756Z","30.654771","1",NULL
"1609","2018-10-23T13:05:53.233Z","30.936946","2",NULL
"1610","2018-10-23T13:05:49.790Z","30.589206","1",NULL
"1611","2018-10-23T13:05:53.787Z","30.423595","2",NULL
"1612","2018-10-23T13:05:50.007Z","30.378197","1",NULL
"1613","2018-10-23T13:05:54.602Z","29.622652","2",NULL
"1614","2018-10-23T13:05:50.071Z","32.305683","1",NULL
"1615","2018-10-23T13:05:54.681Z","31.444793","2",NULL
"1616","2018-10-23T13:05:50.124Z","32.253896","1",NULL
"1617","2018-10-23T13:05:54.792Z","31.410352","2",NULL
"1618","2018-10-23T13:05:50.476Z","31.906122","1",NULL
"1619","2018-10-23T13:05:54.910Z","31.245379","2",NULL
"1620","2018-10-23T13:05:50.778Z","31.651411","1",NULL
"1621","2018-10-23T13:05:55.244Z","30.898462","2",NULL
"1622","2018-10-23T13:05:51.235Z","31.168446","1",NULL
"1623","2018-10-23T13:05:55.413Z","30.74611","2",NULL
"1624","2018-10-23T13:05:52.006Z","30.420417","1",NULL
"1625","2018-10-23T13:05:55.490Z","30.641704","2",NULL
"1626","2018-10-23T13:05:52.252Z","30.15486","1",NULL
"1627","2018-10-23T13:05:55.983Z","30.149835","2",NULL
"1628","2018-10-23T13:05:52.295Z","30.129329","1",NULL
"1629","2018-10-23T13:05:56.238Z","29.899311","2",NULL
"1630","2018-10-23T13:05:52.442Z","31.940154","1",NULL
"1631","2018-10-23T13:05:57.007Z","29.131689","2",NULL
"1632","2018-10-23T13:05:52.485Z","31.902531","1",NULL
"1633","2018-10-23T13:05:57.501Z","28.651469","2",NULL
"1634","2018-10-23T13:05:52.575Z","31.805569","1",NULL
"1635","2018-10-23T13:05:57.823Z","28.369131","2",NULL
"1636","2018-10-23T13:05:52.977Z","31.406202","1",NULL
"1637","2018-10-23T13:05:57.933Z","28.229071","2",NULL
"1638","2018-10-23T13:05:53.231Z","31.155613","1",NULL
"1639","2018-10-23T13:05:58.102Z","28.077384","2",NULL
"1640","2018-10-23T13:05:53.763Z","30.642262","1",NULL
"1641","2018-10-23T13:05:58.547Z","27.633787","2",NULL
"1642","2018-10-23T13:05:54.582Z","29.841319","1",NULL
"1643","2018-10-23T13:05:58.880Z","27.247659","2",NULL
"1644","2018-10-23T13:05:54.771Z","29.666352","1",NULL
"1645","2018-10-23T13:05:59.002Z","27.150473","2",NULL
"1646","2018-10-23T13:05:54.906Z","29.501379","1",NULL
"1647","2018-10-23T13:05:59.625Z","26.516594","2",NULL
"1648","2018-10-23T13:05:55.110Z","31.270119","1",NULL
"1649","2018-10-23T13:05:59.922Z","28.164382","2",NULL
"1650","2018-10-23T13:05:55.239Z","31.154462","1",NULL
"1651","2018-10-23T13:06:00.024Z","28.090999","2",NULL
"1652","2018-10-23T13:05:55.390Z","31.00211","1",NULL
"1653","2018-10-23T13:06:00.030Z","28.068748","2",NULL
"1654","2018-10-23T13:05:55.488Z","30.897704","1",NULL
"1655","2018-10-23T13:06:00.535Z","27.583747","2",NULL
"1656","2018-10-23T13:06:00.718Z","29.375182","2",NULL
"1657","2018-10-23T13:05:55.979Z","30.405835","1",NULL
"1658","2018-10-23T13:06:00.776Z","29.280764","2",NULL
"1659","2018-10-23T13:05:56.235Z","30.155311","1",NULL
"1660","2018-10-23T13:05:57.002Z","29.387689","1",NULL
"1661","2018-10-23T13:06:00.887Z","29.174475","2",NULL
"1662","2018-10-23T13:05:57.489Z","28.907469","1",NULL
"1663","2018-10-23T13:06:00.956Z","31.05738","2",NULL
"1664","2018-10-23T13:05:57.653Z","30.726402","1",NULL
"1665","2018-10-23T13:06:01.014Z","31.018298","2",NULL
"1666","2018-10-23T13:05:57.819Z","30.625131","1",NULL
"1667","2018-10-23T13:06:01.237Z","30.788376","2",NULL
"1668","2018-10-23T13:05:57.911Z","30.485071","1",NULL
"1669","2018-10-23T13:06:01.507Z","30.538115","2",NULL
"1670","2018-10-23T13:05:58.085Z","30.333384","1",NULL
"1671","2018-10-23T13:06:02.203Z","29.853739","2",NULL
"1672","2018-10-23T13:05:58.519Z","29.889787","1",NULL
"1673","2018-10-23T13:06:02.330Z","31.7056","2",NULL
"1674","2018-10-23T13:05:58.733Z","31.646595","1",NULL
"1675","2018-10-23T13:06:02.450Z","31.599017","2",NULL
"1676","2018-10-23T13:05:58.877Z","31.503659","1",NULL
"1677","2018-10-23T13:06:02.586Z","31.429831","2",NULL
"1678","2018-10-23T13:05:58.994Z","31.406473","1",NULL
"1679","2018-10-23T13:06:03.077Z","32.949404","2",NULL
"1680","2018-10-23T13:05:59.615Z","30.772594","1",NULL
"1681","2018-10-23T13:06:03.169Z","32.933325","2",NULL
"1682","2018-10-23T13:06:00.021Z","30.384332","1",NULL
"1683","2018-10-23T13:06:03.288Z","32.658203","2",NULL
"1684","2018-10-23T13:06:00.028Z","30.362081","1",NULL
"1685","2018-10-23T13:06:03.415Z","32.633049","2",NULL
