"1","video","2018-04-14T14:32:36.929Z","2018-04-14T14:32:36.276Z","2018-04-14T14:32:36.334Z","2018-04-14T14:32:36.926Z","3245912","2","0","1046.778","5482.9594594595","1"
"2","video","2018-04-14T14:32:39.151Z","2018-04-14T14:32:38.739Z","2018-04-14T14:32:38.748Z","2018-04-14T14:32:39.150Z","2201368","2","0","1046.778","5476.039800995","1"
"3","video","2018-04-14T14:32:39.841Z","2018-04-14T14:32:39.332Z","2018-04-14T14:32:39.344Z","2018-04-14T14:32:39.839Z","2362584","2","0","1046.778","4772.896969697","1"
"4","video","2018-04-14T14:32:40.205Z","2018-04-14T14:32:39.346Z","2018-04-14T14:32:39.542Z","2018-04-14T14:32:40.204Z","2180184","2","0","1046.778","3293.329305136","1"
"5","video","2018-04-14T14:32:41.688Z","2018-04-14T14:32:41.249Z","2018-04-14T14:32:41.257Z","2018-04-14T14:32:41.686Z","2367560","2","0","1046.778","5518.7878787879","1"
"6","video","2018-04-14T14:32:42.589Z","2018-04-14T14:32:41.912Z","2018-04-14T14:32:41.923Z","2018-04-14T14:32:42.588Z","2294840","2","0","1046.778","3450.8872180451","1"
"7","video","2018-04-14T14:32:42.714Z","2018-04-14T14:32:41.919Z","2018-04-14T14:32:41.980Z","2018-04-14T14:32:42.712Z","1940344","2","0","1046.778","2650.7431693989","1"
"8","video","2018-04-14T14:32:44.631Z","2018-04-14T14:32:43.780Z","2018-04-14T14:32:43.864Z","2018-04-14T14:32:44.630Z","3679928","2","1","1950.145","4804.0835509138","1"
"9","video","2018-04-14T14:32:45.103Z","2018-04-14T14:32:44.540Z","2018-04-14T14:32:44.686Z","2018-04-14T14:32:45.101Z","1611680","2","1","1950.145","3883.5662650602","1"
"10","video","2018-04-14T14:32:45.376Z","2018-04-14T14:32:44.784Z","2018-04-14T14:32:44.930Z","2018-04-14T14:32:45.374Z","1714616","2","1","1950.145","3861.7477477477","1"
"11","video","2018-04-14T14:32:46.069Z","2018-04-14T14:32:45.562Z","2018-04-14T14:32:45.578Z","2018-04-14T14:32:46.065Z","2545464","2","1","1950.145","5226.8254620123","1"
"12","video","2018-04-14T14:32:47.114Z","2018-04-14T14:32:46.019Z","2018-04-14T14:32:46.093Z","2018-04-14T14:32:47.112Z","4891072","2","1","1950.145","4799.8743866536","1"
"13","video","2018-04-14T14:32:50.746Z","2018-04-14T14:32:48.774Z","2018-04-14T14:32:48.800Z","2018-04-14T14:32:50.741Z","5883584","2","1","1950.145","3031.2127769191","1"
"14","video","2018-04-14T14:32:52.112Z","2018-04-14T14:32:48.883Z","2018-04-14T14:32:49.238Z","2018-04-14T14:32:52.110Z","10038720","2","2","3893.089","3495.3760445682","1"
"15","video","2018-04-14T14:32:53.949Z","2018-04-14T14:32:52.131Z","2018-04-14T14:32:52.161Z","2018-04-14T14:32:53.943Z","8280592","2","2","3893.089","4646.7968574635","1"
"16","video","2018-04-14T14:32:57.848Z","2018-04-14T14:32:56.243Z","2018-04-14T14:32:56.282Z","2018-04-14T14:32:57.845Z","8253168","2","2","3893.089","5280.3378119002","1"
"17","video","2018-04-14T14:32:59.845Z","2018-04-14T14:32:58.032Z","2018-04-14T14:32:58.108Z","2018-04-14T14:32:59.840Z","7558920","2","2","3893.089","4364.272517321","1"
"18","video","2018-04-14T14:33:01.319Z","2018-04-14T14:32:58.054Z","2018-04-14T14:32:58.393Z","2018-04-14T14:33:01.315Z","8887328","2","2","3893.089","3041.5222450376","1"
"19","video","2018-04-14T14:33:02.724Z","2018-04-14T14:33:01.247Z","2018-04-14T14:33:01.333Z","2018-04-14T14:33:02.719Z","7013704","2","2","3893.089","5060.3924963925","1"
"20","video","2018-04-14T14:33:04.932Z","2018-04-14T14:33:02.980Z","2018-04-14T14:33:02.991Z","2018-04-14T14:33:04.930Z","8392816","2","2","3893.089","4328.4249613203","1"
"21","video","2018-04-14T14:33:06.122Z","2018-04-14T14:33:02.988Z","2018-04-14T14:33:03.280Z","2018-04-14T14:33:06.112Z","7552728","2","2","3893.089","2666.9237288136","1"
"22","video","2018-04-14T14:33:10.247Z","2018-04-14T14:33:08.729Z","2018-04-14T14:33:08.761Z","2018-04-14T14:33:10.245Z","7257632","2","2","3893.089","4890.5876010782","1"
"23","video","2018-04-14T14:33:15.875Z","2018-04-14T14:33:13.775Z","2018-04-14T14:33:13.838Z","2018-04-14T14:33:15.873Z","7299968","2","2","3893.089","3587.2078624079","1"
"24","video","2018-04-14T14:33:18.680Z","2018-04-14T14:33:16.280Z","2018-04-14T14:33:16.459Z","2018-04-14T14:33:18.679Z","7356352","2","2","3893.089","3313.6720720721","1"
"25","video","2018-04-14T14:33:19.028Z","2018-04-14T14:33:13.850Z","2018-04-14T14:33:14.071Z","2018-04-14T14:33:19.026Z","9465104","2","2","3893.089","1910.2127144299","1"
"26","video","2018-04-14T14:33:21.532Z","2018-04-14T14:33:21.278Z","2018-04-14T14:33:21.282Z","2018-04-14T14:33:21.530Z","1333008","2","0","1046.778","5375.0322580645","1"
"27","video","2018-04-14T14:33:27.344Z","2018-04-14T14:33:26.262Z","2018-04-14T14:33:26.334Z","2018-04-14T14:33:27.343Z","2003632","2","0","1046.778","1985.7601585728","1"
"28","video","2018-04-14T14:33:28.502Z","2018-04-14T14:33:26.234Z","2018-04-14T14:33:26.261Z","2018-04-14T14:33:28.501Z","9056208","2","2","3893.089","4042.95","1"
"29","video","2018-04-14T14:33:29.232Z","2018-04-14T14:33:28.753Z","2018-04-14T14:33:28.760Z","2018-04-14T14:33:29.231Z","2348952","2","0","1046.778","4987.1592356688","1"
"30","video","2018-04-14T14:33:31.073Z","2018-04-14T14:33:30.994Z","2018-04-14T14:33:31.011Z","2018-04-14T14:33:31.072Z","9056208","2","2","3893.089","148462.42622951","1"
"31","video","2018-04-14T14:33:31.589Z","2018-04-14T14:33:31.043Z","2018-04-14T14:33:31.060Z","2018-04-14T14:33:31.588Z","2678640","2","0","1046.778","5073.1818181818","1"
"32","video","2018-04-14T14:33:34.108Z","2018-04-14T14:33:33.732Z","2018-04-14T14:33:33.738Z","2018-04-14T14:33:34.106Z","2111016","2","0","1046.778","5736.4565217391","1"
"33","video","2018-04-14T14:33:34.620Z","2018-04-14T14:33:34.260Z","2018-04-14T14:33:34.273Z","2018-04-14T14:33:34.619Z","1928872","2","0","1046.778","5574.774566474","1"
"34","video","2018-04-14T14:33:34.833Z","2018-04-14T14:33:34.628Z","2018-04-14T14:33:34.680Z","2018-04-14T14:33:34.831Z","845928","2","0","1046.778","5602.1721854305","1"
"35","video","2018-04-14T14:33:35.221Z","2018-04-14T14:33:34.974Z","2018-04-14T14:33:35.069Z","2018-04-14T14:33:35.220Z","858656","2","0","1046.778","5686.4635761589","1"
"36","video","2018-04-14T14:33:35.428Z","2018-04-14T14:33:34.269Z","2018-04-14T14:33:34.522Z","2018-04-14T14:33:35.427Z","2536176","2","0","1046.778","2802.4044198895","1"
"37","video","2018-04-14T14:33:39.005Z","2018-04-14T14:33:38.729Z","2018-04-14T14:33:38.749Z","2018-04-14T14:33:39.003Z","1318752","2","0","1046.778","5191.937007874","1"
"38","video","2018-04-14T14:33:40.666Z","2018-04-14T14:33:40.102Z","2018-04-14T14:33:40.130Z","2018-04-14T14:33:40.660Z","2546192","2","1","1950.145","4804.1358490566","1"
"39","video","2018-04-14T14:33:40.682Z","2018-04-14T14:33:40.356Z","2018-04-14T14:33:40.670Z","2018-04-14T14:33:40.678Z","2546192","2","1","1950.145","318274","1"
"40","video","2018-04-14T14:33:44.423Z","2018-04-14T14:33:43.759Z","2018-04-14T14:33:43.798Z","2018-04-14T14:33:44.421Z","1890640","2","0","1046.778","3034.735152488","1"
"41","video","2018-04-14T14:33:45.027Z","2018-04-14T14:33:43.744Z","2018-04-14T14:33:43.780Z","2018-04-14T14:33:45.022Z","3603416","2","1","1950.145","2901.3011272142","1"
"42","video","2018-04-14T14:33:45.579Z","2018-04-14T14:33:44.631Z","2018-04-14T14:33:44.790Z","2018-04-14T14:33:45.578Z","3590840","2","1","1950.145","4556.9035532995","1"
"43","video","2018-04-14T14:33:45.912Z","2018-04-14T14:33:45.257Z","2018-04-14T14:33:45.581Z","2018-04-14T14:33:45.909Z","1778200","2","0","1046.778","5421.3414634146","1"
"44","video","2018-04-14T14:33:49.281Z","2018-04-14T14:33:48.766Z","2018-04-14T14:33:48.805Z","2018-04-14T14:33:49.279Z","2607536","2","0","1046.778","5501.1308016878","1"
"45","video","2018-04-14T14:33:49.858Z","2018-04-14T14:33:49.094Z","2018-04-14T14:33:49.296Z","2018-04-14T14:33:49.857Z","2329592","2","0","1046.778","4152.5704099822","1"
"46","video","2018-04-14T14:33:50.012Z","2018-04-14T14:33:49.422Z","2018-04-14T14:33:49.640Z","2018-04-14T14:33:50.010Z","1530216","2","0","1046.778","4135.7189189189","1"
"47","video","2018-04-14T14:33:50.360Z","2018-04-14T14:33:49.900Z","2018-04-14T14:33:50.068Z","2018-04-14T14:33:50.359Z","1704000","2","0","1046.778","5855.6701030928","1"
"48","video","2018-04-14T14:33:55.045Z","2018-04-14T14:33:54.066Z","2018-04-14T14:33:54.181Z","2018-04-14T14:33:55.044Z","3290416","2","0","1046.778","3812.764774044","1"
"49","video","2018-04-14T14:33:55.233Z","2018-04-14T14:33:53.774Z","2018-04-14T14:33:53.810Z","2018-04-14T14:33:55.198Z","5407984","2","1","1950.145","3896.242074928","1"
"50","video","2018-04-14T14:33:59.042Z","2018-04-14T14:33:58.756Z","2018-04-14T14:33:58.767Z","2018-04-14T14:33:59.038Z","3766760","2","0","1046.778","13899.483394834","1"
"51","video","2018-04-14T14:34:01.094Z","2018-04-14T14:34:00.164Z","2018-04-14T14:34:00.305Z","2018-04-14T14:34:01.092Z","1660016","2","0","1046.778","2109.2960609911","1"
"52","video","2018-04-14T14:34:01.171Z","2018-04-14T14:34:00.145Z","2018-04-14T14:34:00.172Z","2018-04-14T14:34:01.169Z","3400536","2","0","1046.778","3410.7683049147","1"
"53","video","2018-04-14T14:34:01.661Z","2018-04-14T14:34:01.282Z","2018-04-14T14:34:01.348Z","2018-04-14T14:34:01.657Z","1434440","2","0","1046.778","4642.2006472492","1"
"54","video","2018-04-14T14:34:02.460Z","2018-04-14T14:34:02.279Z","2018-04-14T14:34:02.329Z","2018-04-14T14:34:02.459Z","761528","2","0","1046.778","5857.9076923077","1"
"55","video","2018-04-14T14:34:02.735Z","2018-04-14T14:34:02.297Z","2018-04-14T14:34:02.463Z","2018-04-14T14:34:02.733Z","1369160","2","0","1046.778","5070.962962963","1"
"56","video","2018-04-14T14:34:04.696Z","2018-04-14T14:34:03.792Z","2018-04-14T14:34:03.863Z","2018-04-14T14:34:04.694Z","3008048","2","1","1950.145","3619.7930204573","1"
"57","video","2018-04-14T14:34:05.514Z","2018-04-14T14:34:04.193Z","2018-04-14T14:34:04.460Z","2018-04-14T14:34:05.513Z","4456112","2","1","1950.145","4231.8252611586","1"
"58","video","2018-04-14T14:34:07.015Z","2018-04-14T14:34:06.575Z","2018-04-14T14:34:06.640Z","2018-04-14T14:34:07.014Z","1931760","2","1","1950.145","5165.1336898396","1"
"59","video","2018-04-14T14:34:09.524Z","2018-04-14T14:34:07.628Z","2018-04-14T14:34:07.665Z","2018-04-14T14:34:09.523Z","4414888","2","2","3893.089","2376.1506996771","1"
"60","video","2018-04-14T14:34:09.914Z","2018-04-14T14:34:07.655Z","2018-04-14T14:34:07.725Z","2018-04-14T14:34:09.911Z","6657768","2","2","3893.089","3045.6395242452","1"
"61","video","2018-04-14T14:34:11.711Z","2018-04-14T14:34:09.730Z","2018-04-14T14:34:09.922Z","2018-04-14T14:34:11.709Z","8935040","2","2","3893.089","5000.0223838836","1"
"62","video","2018-04-14T14:34:15.102Z","2018-04-14T14:34:13.759Z","2018-04-14T14:34:13.781Z","2018-04-14T14:34:15.101Z","6935440","2","2","3893.089","5254.1212121212","1"
"63","video","2018-04-14T14:34:18.080Z","2018-04-14T14:34:15.546Z","2018-04-14T14:34:15.660Z","2018-04-14T14:34:18.079Z","9611528","2","2","3893.089","3973.3476643241","1"
"64","video","2018-04-14T14:34:19.279Z","2018-04-14T14:34:15.559Z","2018-04-14T14:34:15.755Z","2018-04-14T14:34:19.274Z","7512168","2","2","3893.089","2134.7450980392","1"
"65","video","2018-04-14T14:34:20.640Z","2018-04-14T14:34:18.743Z","2018-04-14T14:34:18.959Z","2018-04-14T14:34:20.638Z","8376368","2","2","3893.089","4988.9029184038","1"
"66","video","2018-04-14T14:34:23.042Z","2018-04-14T14:34:21.163Z","2018-04-14T14:34:21.195Z","2018-04-14T14:34:23.030Z","7744336","2","2","3893.089","4220.3465940054","1"
"67","video","2018-04-14T14:34:24.415Z","2018-04-14T14:34:21.178Z","2018-04-14T14:34:21.298Z","2018-04-14T14:34:24.414Z","8330872","2","2","3893.089","2673.5789473684","1"
"68","video","2018-04-14T14:34:27.738Z","2018-04-14T14:34:26.232Z","2018-04-14T14:34:26.353Z","2018-04-14T14:34:27.737Z","7019816","2","2","3893.089","5072.1213872832","1"
"69","video","2018-04-14T14:34:31.023Z","2018-04-14T14:34:29.348Z","2018-04-14T14:34:29.367Z","2018-04-14T14:34:31.022Z","9114880","2","2","3893.089","5507.4803625378","1"
"70","video","2018-04-14T14:34:32.332Z","2018-04-14T14:34:30.733Z","2018-04-14T14:34:31.057Z","2018-04-14T14:34:32.330Z","7270224","2","2","3893.089","5711.0950510605","1"
"71","video","2018-04-14T14:34:35.230Z","2018-04-14T14:34:33.756Z","2018-04-14T14:34:33.790Z","2018-04-14T14:34:35.229Z","8020224","2","2","3893.089","5573.4704656011","1"
"72","video","2018-04-14T14:34:39.234Z","2018-04-14T14:34:38.882Z","2018-04-14T14:34:38.895Z","2018-04-14T14:34:39.233Z","1689448","2","0","1046.778","4998.3668639053","1"
"73","video","2018-04-14T14:34:39.238Z","2018-04-14T14:34:38.897Z","2018-04-14T14:34:39.235Z","2018-04-14T14:34:39.237Z","1689448","2","0","1046.778","844724","1"
"74","video","2018-04-14T14:34:42.223Z","2018-04-14T14:34:40.321Z","2018-04-14T14:34:40.352Z","2018-04-14T14:34:42.215Z","9751544","2","2","3893.089","5234.3231347289","1"
"75","video","2018-04-14T14:34:42.246Z","2018-04-14T14:34:40.341Z","2018-04-14T14:34:42.224Z","2018-04-14T14:34:42.245Z","9751544","2","2","3893.089","464359.23809524","1"
"76","video","2018-04-14T14:34:44.264Z","2018-04-14T14:34:43.760Z","2018-04-14T14:34:43.796Z","2018-04-14T14:34:44.248Z","1709088","2","0","1046.778","3781.1681415929","1"
"77","video","2018-04-14T14:34:44.779Z","2018-04-14T14:34:43.799Z","2018-04-14T14:34:43.913Z","2018-04-14T14:34:44.778Z","3076568","2","0","1046.778","3556.7260115607","1"
"78","video","2018-04-14T14:34:46.881Z","2018-04-14T14:34:46.276Z","2018-04-14T14:34:46.417Z","2018-04-14T14:34:46.880Z","2482304","2","0","1046.778","5361.3477321814","1"
"79","video","2018-04-14T14:34:47.192Z","2018-04-14T14:34:47.141Z","2018-04-14T14:34:47.161Z","2018-04-14T14:34:47.190Z","9751544","2","2","3893.089","336260.13793103","1"
"80","video","2018-04-14T14:34:47.227Z","2018-04-14T14:34:47.147Z","2018-04-14T14:34:47.192Z","2018-04-14T14:34:47.213Z","9751544","2","2","3893.089","464359.23809524","1"
"81","video","2018-04-14T14:34:48.308Z","2018-04-14T14:34:47.610Z","2018-04-14T14:34:47.628Z","2018-04-14T14:34:48.298Z","3082592","2","0","1046.778","4600.8835820896","1"
"82","video","2018-04-14T14:34:49.419Z","2018-04-14T14:34:48.763Z","2018-04-14T14:34:48.801Z","2018-04-14T14:34:49.417Z","3345920","2","0","1046.778","5431.6883116883","1"
"83","video","2018-04-14T14:34:49.888Z","2018-04-14T14:34:49.435Z","2018-04-14T14:34:49.463Z","2018-04-14T14:34:49.880Z","2263464","2","0","1046.778","5427.9712230216","1"
"84","video","2018-04-14T14:34:52.309Z","2018-04-14T14:34:51.298Z","2018-04-14T14:34:51.399Z","2018-04-14T14:34:52.308Z","4144608","2","1","1950.145","4559.5247524752","1"
"85","video","2018-04-14T14:34:53.014Z","2018-04-14T14:34:51.735Z","2018-04-14T14:34:52.026Z","2018-04-14T14:34:52.998Z","3252296","2","1","1950.145","3345.9835390947","1"
"86","video","2018-04-14T14:34:54.829Z","2018-04-14T14:34:53.794Z","2018-04-14T14:34:53.825Z","2018-04-14T14:34:54.815Z","4641168","2","1","1950.145","4688.0484848485","1"
"87","video","2018-04-14T14:34:58.330Z","2018-04-14T14:34:56.300Z","2018-04-14T14:34:56.637Z","2018-04-14T14:34:58.325Z","7607448","2","2","3893.089","4506.7819905213","1"
"88","video","2018-04-14T14:34:59.820Z","2018-04-14T14:34:57.290Z","2018-04-14T14:34:57.758Z","2018-04-14T14:34:59.811Z","8033240","2","2","3893.089","3912.927423283","1"
"89","video","2018-04-14T14:35:01.958Z","2018-04-14T14:35:01.310Z","2018-04-14T14:35:01.389Z","2018-04-14T14:35:01.947Z","2394624","2","0","1046.778","4291.4408602151","1"
"90","video","2018-04-14T14:35:03.780Z","2018-04-14T14:35:03.383Z","2018-04-14T14:35:03.424Z","2018-04-14T14:35:03.778Z","1729608","2","0","1046.778","4885.8983050847","1"
"91","video","2018-04-14T14:35:06.690Z","2018-04-14T14:35:06.278Z","2018-04-14T14:35:06.322Z","2018-04-14T14:35:06.679Z","1885048","2","0","1046.778","5280.2464985994","1"
"92","video","2018-04-14T14:35:07.079Z","2018-04-14T14:35:06.633Z","2018-04-14T14:35:06.692Z","2018-04-14T14:35:07.078Z","2032440","2","0","1046.778","5265.3886010363","1"
"93","video","2018-04-14T14:35:07.539Z","2018-04-14T14:35:06.988Z","2018-04-14T14:35:07.092Z","2018-04-14T14:35:07.538Z","2205120","2","0","1046.778","4944.2152466368","1"
"94","video","2018-04-14T14:35:08.077Z","2018-04-14T14:35:07.345Z","2018-04-14T14:35:07.544Z","2018-04-14T14:35:08.075Z","1946784","2","0","1046.778","3666.2598870056","1"
"95","video","2018-04-14T14:35:08.379Z","2018-04-14T14:35:07.737Z","2018-04-14T14:35:07.927Z","2018-04-14T14:35:08.377Z","2118768","2","0","1046.778","4708.3733333333","1"
"96","video","2018-04-14T14:35:09.611Z","2018-04-14T14:35:08.789Z","2018-04-14T14:35:08.821Z","2018-04-14T14:35:09.605Z","3940720","2","1","1950.145","5026.4285714286","1"
"97","video","2018-04-14T14:35:11.103Z","2018-04-14T14:35:09.721Z","2018-04-14T14:35:09.864Z","2018-04-14T14:35:11.100Z","3098184","2","1","1950.145","2506.6213592233","1"
"98","video","2018-04-14T14:35:15.605Z","2018-04-14T14:35:13.789Z","2018-04-14T14:35:13.842Z","2018-04-14T14:35:15.604Z","8743024","2","2","3893.089","4961.9886492622","1"
"99","video","2018-04-14T14:35:15.989Z","2018-04-14T14:35:15.025Z","2018-04-14T14:35:15.248Z","2018-04-14T14:35:15.988Z","2354632","2","0","1046.778","3181.9351351351","1"
"100","video","2018-04-14T14:35:16.944Z","2018-04-14T14:35:16.280Z","2018-04-14T14:35:16.491Z","2018-04-14T14:35:16.940Z","1531472","2","0","1046.778","3410.85077951","1"
"101","video","2018-04-14T14:35:17.379Z","2018-04-14T14:35:16.230Z","2018-04-14T14:35:16.264Z","2018-04-14T14:35:17.378Z","3521504","2","1","1950.145","3161.1346499102","1"
"102","video","2018-04-14T14:35:21.802Z","2018-04-14T14:35:21.364Z","2018-04-14T14:35:21.442Z","2018-04-14T14:35:21.796Z","1960576","2","0","1046.778","5538.3502824859","1"
"103","video","2018-04-14T14:35:23.244Z","2018-04-14T14:35:22.496Z","2018-04-14T14:35:22.553Z","2018-04-14T14:35:23.243Z","1960464","2","0","1046.778","2841.252173913","1"
"104","video","2018-04-14T14:35:23.358Z","2018-04-14T14:35:22.479Z","2018-04-14T14:35:22.509Z","2018-04-14T14:35:23.355Z","2197592","2","0","1046.778","2597.6264775414","1"
"105","video","2018-04-14T14:35:24.278Z","2018-04-14T14:35:23.781Z","2018-04-14T14:35:23.809Z","2018-04-14T14:35:24.277Z","2530880","2","0","1046.778","5407.8632478632","1"
"106","video","2018-04-14T14:35:25.112Z","2018-04-14T14:35:24.628Z","2018-04-14T14:35:24.654Z","2018-04-14T14:35:25.111Z","1651768","2","0","1046.778","3614.3719912473","1"
"107","video","2018-04-14T14:35:25.197Z","2018-04-14T14:35:24.639Z","2018-04-14T14:35:24.705Z","2018-04-14T14:35:25.194Z","1198648","2","0","1046.778","2451.2229038855","1"
"108","video","2018-04-14T14:35:27.037Z","2018-04-14T14:35:26.275Z","2018-04-14T14:35:26.327Z","2018-04-14T14:35:27.031Z","3361408","2","1","1950.145","4774.7272727273","1"
"109","video","2018-04-14T14:35:28.509Z","2018-04-14T14:35:26.791Z","2018-04-14T14:35:26.981Z","2018-04-14T14:35:28.507Z","5491080","2","1","1950.145","3598.3486238532","1"
"110","video","2018-04-14T14:35:30.803Z","2018-04-14T14:35:28.791Z","2018-04-14T14:35:28.958Z","2018-04-14T14:35:30.802Z","8686976","2","2","3893.089","4710.9414316703","1"
"111","video","2018-04-14T14:35:31.556Z","2018-04-14T14:35:30.318Z","2018-04-14T14:35:30.510Z","2018-04-14T14:35:31.552Z","4267456","2","1","1950.145","4095.4472168906","1"
"112","video","2018-04-14T14:35:35.654Z","2018-04-14T14:35:33.744Z","2018-04-14T14:35:33.776Z","2018-04-14T14:35:35.653Z","8802200","2","2","3893.089","4689.5045285029","1"
"113","video","2018-04-14T14:35:37.569Z","2018-04-14T14:35:36.290Z","2018-04-14T14:35:36.769Z","2018-04-14T14:35:37.568Z","3946280","2","2","3893.089","4939.0237797247","1"
"114","video","2018-04-14T14:35:39.652Z","2018-04-14T14:35:37.606Z","2018-04-14T14:35:37.643Z","2018-04-14T14:35:39.651Z","6600720","2","2","3893.089","3287.2111553785","1"
"115","video","2018-04-14T14:35:40.503Z","2018-04-14T14:35:37.637Z","2018-04-14T14:35:37.779Z","2018-04-14T14:35:40.502Z","7722168","2","2","3893.089","2835.9045170768","1"
"116","video","2018-04-14T14:35:41.608Z","2018-04-14T14:35:41.345Z","2018-04-14T14:35:41.376Z","2018-04-14T14:35:41.607Z","1235528","2","0","1046.778","5348.6060606061","1"
"117","video","2018-04-14T14:35:46.739Z","2018-04-14T14:35:46.243Z","2018-04-14T14:35:46.280Z","2018-04-14T14:35:46.737Z","2226624","2","0","1046.778","4872.2625820569","1"
"118","video","2018-04-14T14:35:46.870Z","2018-04-14T14:35:46.477Z","2018-04-14T14:35:46.613Z","2018-04-14T14:35:46.868Z","822368","2","0","1046.778","3224.9725490196","1"
"119","video","2018-04-14T14:35:51.521Z","2018-04-14T14:35:51.274Z","2018-04-14T14:35:51.309Z","2018-04-14T14:35:51.515Z","1105016","2","0","1046.778","5364.1553398058","1"
"120","video","2018-04-14T14:35:51.989Z","2018-04-14T14:35:51.534Z","2018-04-14T14:35:51.589Z","2018-04-14T14:35:51.987Z","1732880","2","0","1046.778","4353.9698492462","1"
"121","video","2018-04-14T14:35:52.723Z","2018-04-14T14:35:51.559Z","2018-04-14T14:35:51.689Z","2018-04-14T14:35:52.722Z","3451640","2","0","1046.778","3341.3746369797","1"
"122","video","2018-04-14T14:35:54.209Z","2018-04-14T14:35:53.810Z","2018-04-14T14:35:53.840Z","2018-04-14T14:35:54.206Z","1952976","2","0","1046.778","5336","1"
"123","video","2018-04-14T14:35:55.912Z","2018-04-14T14:35:54.844Z","2018-04-14T14:35:54.876Z","2018-04-14T14:35:55.910Z","3042880","2","0","1046.778","2942.8239845261","1"
"124","video","2018-04-14T14:35:56.021Z","2018-04-14T14:35:54.859Z","2018-04-14T14:35:54.930Z","2018-04-14T14:35:56.020Z","2675552","2","0","1046.778","2454.6348623853","1"
"125","video","2018-04-14T14:35:56.882Z","2018-04-14T14:35:56.282Z","2018-04-14T14:35:56.319Z","2018-04-14T14:35:56.879Z","2328688","2","0","1046.778","4158.3714285714","1"
"126","video","2018-04-14T14:35:58.241Z","2018-04-14T14:35:57.373Z","2018-04-14T14:35:57.621Z","2018-04-14T14:35:58.239Z","2238336","2","0","1046.778","3621.9029126214","1"
"127","video","2018-04-14T14:35:58.463Z","2018-04-14T14:35:57.389Z","2018-04-14T14:35:57.836Z","2018-04-14T14:35:58.459Z","1867640","2","0","1046.778","2997.8170144462","1"
"128","video","2018-04-14T14:35:59.218Z","2018-04-14T14:35:58.782Z","2018-04-14T14:35:58.820Z","2018-04-14T14:35:59.216Z","1659360","2","1","1950.145","4190.303030303","1"
"129","video","2018-04-14T14:36:01.172Z","2018-04-14T14:35:59.426Z","2018-04-14T14:35:59.453Z","2018-04-14T14:36:01.152Z","5963136","2","1","1950.145","3509.7916421424","1"
"130","video","2018-04-14T14:36:03.243Z","2018-04-14T14:36:01.446Z","2018-04-14T14:36:01.623Z","2018-04-14T14:36:03.242Z","8442344","2","2","3893.089","5214.5423100679","1"
"131","video","2018-04-14T14:36:04.123Z","2018-04-14T14:36:03.151Z","2018-04-14T14:36:03.244Z","2018-04-14T14:36:04.119Z","3671848","2","1","1950.145","4196.3977142857","1"
"132","video","2018-04-14T14:36:09.010Z","2018-04-14T14:36:06.324Z","2018-04-14T14:36:06.416Z","2018-04-14T14:36:09.009Z","7269464","2","2","3893.089","2803.4955649826","1"
"133","video","2018-04-14T14:36:09.405Z","2018-04-14T14:36:06.320Z","2018-04-14T14:36:06.373Z","2018-04-14T14:36:09.401Z","8008760","2","2","3893.089","2644.9009247028","1"
"134","video","2018-04-14T14:36:11.599Z","2018-04-14T14:36:11.270Z","2018-04-14T14:36:11.300Z","2018-04-14T14:36:11.597Z","1552216","2","0","1046.778","5226.3164983165","1"
"135","video","2018-04-14T14:36:16.660Z","2018-04-14T14:36:16.244Z","2018-04-14T14:36:16.289Z","2018-04-14T14:36:16.643Z","1620752","2","0","1046.778","4578.395480226","1"
"136","video","2018-04-14T14:36:17.708Z","2018-04-14T14:36:16.848Z","2018-04-14T14:36:17.039Z","2018-04-14T14:36:17.704Z","1948624","2","0","1046.778","2930.2616541353","1"
"137","video","2018-04-14T14:36:18.897Z","2018-04-14T14:36:16.541Z","2018-04-14T14:36:16.662Z","2018-04-14T14:36:18.884Z","9053248","2","2","3893.089","4074.3690369037","1"
"138","video","2018-04-14T14:36:19.227Z","2018-04-14T14:36:18.791Z","2018-04-14T14:36:18.898Z","2018-04-14T14:36:19.226Z","1329872","2","0","1046.778","4054.487804878","1"
"139","video","2018-04-14T14:36:19.807Z","2018-04-14T14:36:19.457Z","2018-04-14T14:36:19.491Z","2018-04-14T14:36:19.803Z","1496000","2","0","1046.778","4794.8717948718","1"
"140","video","2018-04-14T14:36:20.624Z","2018-04-14T14:36:19.820Z","2018-04-14T14:36:19.919Z","2018-04-14T14:36:20.622Z","2768816","2","0","1046.778","3938.5718349929","1"
"141","video","2018-04-14T14:36:20.757Z","2018-04-14T14:36:19.475Z","2018-04-14T14:36:19.614Z","2018-04-14T14:36:20.755Z","2039896","2","0","1046.778","1787.8141980719","1"
"142","video","2018-04-14T14:36:21.904Z","2018-04-14T14:36:21.324Z","2018-04-14T14:36:21.358Z","2018-04-14T14:36:21.894Z","2729808","2","0","1046.778","5092.9253731343","1"
"143","video","2018-04-14T14:36:23.156Z","2018-04-14T14:36:22.489Z","2018-04-14T14:36:22.573Z","2018-04-14T14:36:23.153Z","1436840","2","0","1046.778","2477.3103448276","1"
"144","video","2018-04-14T14:36:23.451Z","2018-04-14T14:36:22.466Z","2018-04-14T14:36:22.500Z","2018-04-14T14:36:23.449Z","2920096","2","0","1046.778","3077.0242360379","1"
"145","video","2018-04-14T14:36:24.632Z","2018-04-14T14:36:23.788Z","2018-04-14T14:36:23.836Z","2018-04-14T14:36:24.629Z","3926752","2","1","1950.145","4951.7679697352","1"
"146","video","2018-04-14T14:36:25.582Z","2018-04-14T14:36:24.750Z","2018-04-14T14:36:24.793Z","2018-04-14T14:36:25.577Z","4138136","2","1","1950.145","5278.2346938776","1"
"147","video","2018-04-14T14:36:26.310Z","2018-04-14T14:36:25.552Z","2018-04-14T14:36:25.638Z","2018-04-14T14:36:26.308Z","3072344","2","1","1950.145","4585.5880597015","1"
"148","video","2018-04-14T14:36:29.540Z","2018-04-14T14:36:28.767Z","2018-04-14T14:36:28.808Z","2018-04-14T14:36:29.538Z","3624824","2","1","1950.145","4965.5123287671","1"
"149","video","2018-04-14T14:36:31.591Z","2018-04-14T14:36:29.438Z","2018-04-14T14:36:29.540Z","2018-04-14T14:36:31.590Z","6256208","2","2","3893.089","3051.8087804878","1"
"150","video","2018-04-14T14:36:32.493Z","2018-04-14T14:36:30.108Z","2018-04-14T14:36:30.343Z","2018-04-14T14:36:32.458Z","6885520","2","2","3893.089","3255.5650118203","1"
"151","video","2018-04-14T14:36:34.650Z","2018-04-14T14:36:31.939Z","2018-04-14T14:36:32.239Z","2018-04-14T14:36:34.647Z","11400512","2","2","3893.089","4734.4318936877","1"
"152","video","2018-04-14T14:36:37.940Z","2018-04-14T14:36:36.273Z","2018-04-14T14:36:36.307Z","2018-04-14T14:36:37.938Z","7945552","2","2","3893.089","4871.5830778663","1"
"153","video","2018-04-14T14:36:39.719Z","2018-04-14T14:36:38.684Z","2018-04-14T14:36:38.750Z","2018-04-14T14:36:39.717Z","4425152","2","2","3893.089","4576.1654601861","1"
"154","video","2018-04-14T14:36:41.808Z","2018-04-14T14:36:38.690Z","2018-04-14T14:36:38.843Z","2018-04-14T14:36:41.804Z","9783624","2","2","3893.089","3304.1621073962","1"
"155","video","2018-04-14T14:36:43.488Z","2018-04-14T14:36:41.248Z","2018-04-14T14:36:41.463Z","2018-04-14T14:36:43.484Z","8444592","2","2","3893.089","4178.4225630876","1"
"156","video","2018-04-14T14:36:47.694Z","2018-04-14T14:36:46.307Z","2018-04-14T14:36:46.625Z","2018-04-14T14:36:47.681Z","5190056","2","2","3893.089","4914.8257575758","1"
"157","video","2018-04-14T14:36:51.096Z","2018-04-14T14:36:48.331Z","2018-04-14T14:36:48.368Z","2018-04-14T14:36:51.094Z","9696352","2","2","3893.089","3556.9889948643","1"
"158","video","2018-04-14T14:36:53.539Z","2018-04-14T14:36:48.441Z","2018-04-14T14:36:48.622Z","2018-04-14T14:36:53.538Z","8926488","2","2","3893.089","1815.8030919447","1"
"159","video","2018-04-14T14:36:53.838Z","2018-04-14T14:36:51.264Z","2018-04-14T14:36:51.422Z","2018-04-14T14:36:53.836Z","8285728","2","2","3893.089","3432.3645401823","1"
"160","video","2018-04-14T14:36:56.530Z","2018-04-14T14:36:56.241Z","2018-04-14T14:36:56.272Z","2018-04-14T14:36:56.525Z","1452728","2","0","1046.778","5742.0079051383","1"
"161","video","2018-04-14T14:36:59.105Z","2018-04-14T14:36:58.655Z","2018-04-14T14:36:58.687Z","2018-04-14T14:36:59.103Z","1482904","2","0","1046.778","3564.6730769231","1"
"162","video","2018-04-14T14:36:59.386Z","2018-04-14T14:36:58.661Z","2018-04-14T14:36:58.705Z","2018-04-14T14:36:59.383Z","1661144","2","0","1046.778","2450.0648967552","1"
"163","video","2018-04-14T14:37:02.002Z","2018-04-14T14:37:01.238Z","2018-04-14T14:37:01.268Z","2018-04-14T14:37:02.001Z","3788880","2","0","1046.778","5169.0040927694","1"
"164","video","2018-04-14T14:37:02.495Z","2018-04-14T14:37:01.916Z","2018-04-14T14:37:02.016Z","2018-04-14T14:37:02.493Z","2709920","2","0","1046.778","5681.1740041929","1"
"165","video","2018-04-14T14:37:03.118Z","2018-04-14T14:37:02.596Z","2018-04-14T14:37:02.612Z","2018-04-14T14:37:03.117Z","2270832","2","0","1046.778","4496.697029703","1"
"166","video","2018-04-14T14:37:04.518Z","2018-04-14T14:37:03.746Z","2018-04-14T14:37:03.965Z","2018-04-14T14:37:04.515Z","2096360","2","0","1046.778","3811.5636363636","1"
"167","video","2018-04-14T14:37:05.069Z","2018-04-14T14:37:02.603Z","2018-04-14T14:37:02.703Z","2018-04-14T14:37:05.067Z","8610688","2","2","3893.089","3642.4230118443","1"
"168","video","2018-04-14T14:37:06.639Z","2018-04-14T14:37:06.306Z","2018-04-14T14:37:06.337Z","2018-04-14T14:37:06.637Z","1453936","2","0","1046.778","4846.4533333333","1"
"169","video","2018-04-14T14:37:09.206Z","2018-04-14T14:37:08.681Z","2018-04-14T14:37:08.721Z","2018-04-14T14:37:09.205Z","2574208","2","0","1046.778","5318.6115702479","1"
"170","video","2018-04-14T14:37:11.619Z","2018-04-14T14:37:11.241Z","2018-04-14T14:37:11.273Z","2018-04-14T14:37:11.610Z","1771400","2","0","1046.778","5256.3798219585","1"
"171","video","2018-04-14T14:37:12.077Z","2018-04-14T14:37:11.740Z","2018-04-14T14:37:11.782Z","2018-04-14T14:37:12.074Z","1582504","2","0","1046.778","5419.5342465753","1"
"172","video","2018-04-14T14:37:12.703Z","2018-04-14T14:37:12.098Z","2018-04-14T14:37:12.137Z","2018-04-14T14:37:12.702Z","2546904","2","0","1046.778","4507.7946902655","1"
"173","video","2018-04-14T14:37:16.842Z","2018-04-14T14:37:16.389Z","2018-04-14T14:37:16.409Z","2018-04-14T14:37:16.840Z","2129872","2","0","1046.778","4941.6983758701","1"
"174","video","2018-04-14T14:37:22.083Z","2018-04-14T14:37:21.630Z","2018-04-14T14:37:21.755Z","2018-04-14T14:37:22.079Z","1645080","2","0","1046.778","5077.4074074074","1"
"175","video","2018-04-14T14:37:24.151Z","2018-04-14T14:37:23.773Z","2018-04-14T14:37:23.806Z","2018-04-14T14:37:24.150Z","1591752","2","0","1046.778","4627.1860465116","1"
"176","video","2018-04-14T14:37:24.554Z","2018-04-14T14:37:24.122Z","2018-04-14T14:37:24.180Z","2018-04-14T14:37:24.551Z","1877984","2","0","1046.778","5061.9514824798","1"
"177","video","2018-04-14T14:37:24.935Z","2018-04-14T14:37:24.452Z","2018-04-14T14:37:24.556Z","2018-04-14T14:37:24.930Z","1936600","2","0","1046.778","5178.0748663102","1"
"178","video","2018-04-14T14:37:26.909Z","2018-04-14T14:37:26.305Z","2018-04-14T14:37:26.346Z","2018-04-14T14:37:26.907Z","2787200","2","0","1046.778","4968.2709447415","1"
"179","video","2018-04-14T14:37:29.280Z","2018-04-14T14:37:28.783Z","2018-04-14T14:37:28.803Z","2018-04-14T14:37:29.278Z","2347928","2","0","1046.778","4943.0063157895","1"
"180","video","2018-04-14T14:37:29.771Z","2018-04-14T14:37:29.356Z","2018-04-14T14:37:29.416Z","2018-04-14T14:37:29.769Z","1867544","2","0","1046.778","5290.492917847","1"
"181","video","2018-04-14T14:37:30.306Z","2018-04-14T14:37:29.841Z","2018-04-14T14:37:29.884Z","2018-04-14T14:37:30.305Z","1861776","2","0","1046.778","4422.270783848","1"
"182","video","2018-04-14T14:37:32.515Z","2018-04-14T14:37:31.336Z","2018-04-14T14:37:31.369Z","2018-04-14T14:37:32.513Z","4363264","2","1","1950.145","3814.041958042","1"
"183","video","2018-04-14T14:37:33.169Z","2018-04-14T14:37:31.775Z","2018-04-14T14:37:31.934Z","2018-04-14T14:37:33.168Z","3966856","2","1","1950.145","3214.6320907618","1"
"184","video","2018-04-14T14:37:34.687Z","2018-04-14T14:37:33.802Z","2018-04-14T14:37:33.868Z","2018-04-14T14:37:34.660Z","3648600","2","1","1950.145","4606.8181818182","1"
"185","video","2018-04-14T14:37:38.072Z","2018-04-14T14:37:35.036Z","2018-04-14T14:37:35.056Z","2018-04-14T14:37:38.070Z","8127272","2","2","3893.089","2696.5069674851","1"
"186","video","2018-04-14T14:37:38.138Z","2018-04-14T14:37:35.074Z","2018-04-14T14:37:35.284Z","2018-04-14T14:37:38.125Z","6699480","2","2","3893.089","2358.141499472","1"
"187","video","2018-04-14T14:37:39.385Z","2018-04-14T14:37:38.231Z","2018-04-14T14:37:38.260Z","2018-04-14T14:37:39.377Z","5309688","2","2","3893.089","4753.5255147717","1"
"188","video","2018-04-14T14:37:42.450Z","2018-04-14T14:37:41.264Z","2018-04-14T14:37:41.318Z","2018-04-14T14:37:42.440Z","5658480","2","2","3893.089","5043.2085561497","1"
"189","video","2018-04-14T14:37:43.351Z","2018-04-14T14:37:42.381Z","2018-04-14T14:37:42.457Z","2018-04-14T14:37:43.350Z","4656144","2","2","3893.089","5214.0470324748","1"
"190","video","2018-04-14T14:37:47.636Z","2018-04-14T14:37:43.557Z","2018-04-14T14:37:43.682Z","2018-04-14T14:37:47.634Z","10407664","2","2","3893.089","2633.5182186235","1"
"191","video","2018-04-14T14:37:47.822Z","2018-04-14T14:37:43.622Z","2018-04-14T14:37:43.902Z","2018-04-14T14:37:47.820Z","10536384","2","2","3893.089","2689.2251148545","1"
"192","video","2018-04-14T14:37:50.142Z","2018-04-14T14:37:48.773Z","2018-04-14T14:37:48.819Z","2018-04-14T14:37:50.141Z","6653720","2","2","3893.089","5033.0711043873","1"
"193","video","2018-04-14T14:37:55.723Z","2018-04-14T14:37:53.800Z","2018-04-14T14:37:53.871Z","2018-04-14T14:37:55.721Z","8196056","2","2","3893.089","4430.3005405405","1"
"194","video","2018-04-14T14:37:57.315Z","2018-04-14T14:37:53.848Z","2018-04-14T14:37:54.166Z","2018-04-14T14:37:57.305Z","8697248","2","2","3893.089","2770.7065944568","1"
"195","video","2018-04-14T14:38:00.608Z","2018-04-14T14:37:58.754Z","2018-04-14T14:37:58.796Z","2018-04-14T14:38:00.590Z","8664232","2","2","3893.089","4829.5607580825","1"
"196","video","2018-04-14T14:38:03.973Z","2018-04-14T14:38:03.736Z","2018-04-14T14:38:03.778Z","2018-04-14T14:38:03.972Z","1117032","2","0","1046.778","5757.8969072165","1"
"197","video","2018-04-14T14:38:06.210Z","2018-04-14T14:38:05.530Z","2018-04-14T14:38:05.565Z","2018-04-14T14:38:06.209Z","2836664","2","0","1046.778","4404.7577639752","1"
"198","video","2018-04-14T14:38:07.008Z","2018-04-14T14:38:05.542Z","2018-04-14T14:38:05.656Z","2018-04-14T14:38:07.006Z","3476072","2","0","1046.778","2574.8681481481","1"
"199","video","2018-04-14T14:38:08.887Z","2018-04-14T14:38:07.134Z","2018-04-14T14:38:07.171Z","2018-04-14T14:38:08.885Z","7793632","2","2","3893.089","4547.0431738623","1"
"200","video","2018-04-14T14:38:09.346Z","2018-04-14T14:38:08.490Z","2018-04-14T14:38:08.697Z","2018-04-14T14:38:09.345Z","2839424","2","0","1046.778","4381.8271604938","1"
"201","video","2018-04-14T14:38:11.020Z","2018-04-14T14:38:09.580Z","2018-04-14T14:38:09.617Z","2018-04-14T14:38:11.008Z","6212216","2","2","3893.089","4466.0071890726","1"
"202","video","2018-04-14T14:38:11.308Z","2018-04-14T14:38:09.845Z","2018-04-14T14:38:10.898Z","2018-04-14T14:38:11.307Z","1825472","2","0","1046.778","4463.2567237164","1"
"203","video","2018-04-14T14:38:11.789Z","2018-04-14T14:38:11.347Z","2018-04-14T14:38:11.398Z","2018-04-14T14:38:11.788Z","1975032","2","0","1046.778","5064.1846153846","1"
"204","video","2018-04-14T14:38:12.200Z","2018-04-14T14:38:11.756Z","2018-04-14T14:38:11.802Z","2018-04-14T14:38:12.199Z","1874904","2","0","1046.778","4722.6801007557","1"
"205","video","2018-04-14T14:38:12.755Z","2018-04-14T14:38:12.167Z","2018-04-14T14:38:12.213Z","2018-04-14T14:38:12.747Z","2218000","2","0","1046.778","4153.5580524345","1"
"206","video","2018-04-14T14:38:13.536Z","2018-04-14T14:38:12.988Z","2018-04-14T14:38:13.177Z","2018-04-14T14:38:13.533Z","1798208","2","0","1046.778","5051.1460674157","1"
"207","video","2018-04-14T14:38:13.556Z","2018-04-14T14:38:12.583Z","2018-04-14T14:38:12.756Z","2018-04-14T14:38:13.554Z","2250688","2","0","1046.778","2820.4110275689","1"
"208","video","2018-04-14T14:38:14.215Z","2018-04-14T14:38:13.779Z","2018-04-14T14:38:13.810Z","2018-04-14T14:38:14.213Z","1936184","2","0","1046.778","4804.4267990074","1"
"209","video","2018-04-14T14:38:15.156Z","2018-04-14T14:38:14.586Z","2018-04-14T14:38:14.848Z","2018-04-14T14:38:15.154Z","1587832","2","0","1046.778","5188.9934640523","1"
"210","video","2018-04-14T14:38:15.463Z","2018-04-14T14:38:14.580Z","2018-04-14T14:38:14.601Z","2018-04-14T14:38:15.456Z","2504864","2","0","1046.778","2929.665497076","1"
"211","video","2018-04-14T14:38:17.261Z","2018-04-14T14:38:16.326Z","2018-04-14T14:38:16.369Z","2018-04-14T14:38:17.260Z","4042112","2","1","1950.145","4536.6015712682","1"
"212","video","2018-04-14T14:38:18.153Z","2018-04-14T14:38:17.196Z","2018-04-14T14:38:17.290Z","2018-04-14T14:38:18.151Z","4348040","2","1","1950.145","5049.9883855981","1"
"213","video","2018-04-14T14:38:18.981Z","2018-04-14T14:38:18.069Z","2018-04-14T14:38:18.185Z","2018-04-14T14:38:18.979Z","4089952","2","1","1950.145","5151.0730478589","1"
"214","video","2018-04-14T14:38:22.150Z","2018-04-14T14:38:21.270Z","2018-04-14T14:38:21.368Z","2018-04-14T14:38:22.148Z","3763392","2","1","1950.145","4824.8615384615","1"
"215","video","2018-04-14T14:38:23.760Z","2018-04-14T14:38:22.066Z","2018-04-14T14:38:22.151Z","2018-04-14T14:38:23.712Z","7458160","2","2","3893.089","4777.8090967329","1"
"216","video","2018-04-14T14:38:25.739Z","2018-04-14T14:38:22.862Z","2018-04-14T14:38:23.635Z","2018-04-14T14:38:25.738Z","6394376","2","2","3893.089","3040.5972420352","1"
"217","video","2018-04-14T14:38:27.011Z","2018-04-14T14:38:23.910Z","2018-04-14T14:38:24.070Z","2018-04-14T14:38:27.009Z","9360696","2","2","3893.089","3184.9935352161","1"
"218","video","2018-04-14T14:38:28.525Z","2018-04-14T14:38:27.092Z","2018-04-14T14:38:27.121Z","2018-04-14T14:38:28.524Z","7003024","2","2","3893.089","4991.4640057021","1"
"219","video","2018-04-14T14:38:32.231Z","2018-04-14T14:38:31.251Z","2018-04-14T14:38:31.286Z","2018-04-14T14:38:32.230Z","4869184","2","2","3893.089","5158.0338983051","1"
"220","video","2018-04-14T14:38:35.300Z","2018-04-14T14:38:32.655Z","2018-04-14T14:38:32.691Z","2018-04-14T14:38:35.297Z","8564768","2","2","3893.089","3286.5571757483","1"
"221","video","2018-04-14T14:38:36.457Z","2018-04-14T14:38:32.682Z","2018-04-14T14:38:32.817Z","2018-04-14T14:38:36.454Z","8713096","2","2","3893.089","2395.6821556228","1"
"222","video","2018-04-14T14:38:37.883Z","2018-04-14T14:38:35.482Z","2018-04-14T14:38:35.802Z","2018-04-14T14:38:37.880Z","8439416","2","2","3893.089","4061.3166506256","1"
"223","video","2018-04-14T14:38:42.972Z","2018-04-14T14:38:41.232Z","2018-04-14T14:38:41.270Z","2018-04-14T14:38:42.970Z","8754720","2","2","3893.089","5149.8352941176","1"
"224","video","2018-04-14T14:38:45.287Z","2018-04-14T14:38:43.310Z","2018-04-14T14:38:43.345Z","2018-04-14T14:38:45.286Z","7598928","2","2","3893.089","3914.9551777434","1"
"225","video","2018-04-14T14:38:48.519Z","2018-04-14T14:38:46.299Z","2018-04-14T14:38:46.478Z","2018-04-14T14:38:48.518Z","8309344","2","2","3893.089","4073.2078431373","1"
"226","video","2018-04-14T14:38:49.948Z","2018-04-14T14:38:46.336Z","2018-04-14T14:38:46.990Z","2018-04-14T14:38:49.946Z","8261288","2","2","3893.089","2794.752368065","1"
"227","video","2018-04-14T14:38:52.486Z","2018-04-14T14:38:51.256Z","2018-04-14T14:38:51.289Z","2018-04-14T14:38:52.484Z","6165256","2","2","3893.089","5159.210041841","1"
"228","video","2018-04-14T14:38:56.688Z","2018-04-14T14:38:56.247Z","2018-04-14T14:38:56.286Z","2018-04-14T14:38:56.687Z","2274880","2","0","1046.778","5673.0174563591","1"
"229","video","2018-04-14T14:38:58.115Z","2018-04-14T14:38:57.442Z","2018-04-14T14:38:57.475Z","2018-04-14T14:38:58.114Z","2037024","2","0","1046.778","3187.8309859155","1"
"230","video","2018-04-14T14:38:58.387Z","2018-04-14T14:38:57.454Z","2018-04-14T14:38:57.506Z","2018-04-14T14:38:58.369Z","2179584","2","0","1046.778","2525.5898030127","1"
"231","video","2018-04-14T14:38:59.137Z","2018-04-14T14:38:58.779Z","2018-04-14T14:38:58.802Z","2018-04-14T14:38:59.136Z","1595696","2","0","1046.778","4777.5329341317","1"
"232","video","2018-04-14T14:39:00.934Z","2018-04-14T14:38:59.664Z","2018-04-14T14:38:59.798Z","2018-04-14T14:39:00.932Z","2069600","2","0","1046.778","1825.0440917108","1"
"233","video","2018-04-14T14:39:01.855Z","2018-04-14T14:38:59.643Z","2018-04-14T14:38:59.668Z","2018-04-14T14:39:01.853Z","8333384","2","2","3893.089","3813.9057208238","1"
"234","video","2018-04-14T14:39:03.491Z","2018-04-14T14:39:02.417Z","2018-04-14T14:39:02.617Z","2018-04-14T14:39:03.490Z","2240320","2","0","1046.778","2566.2313860252","1"
"235","video","2018-04-14T14:39:04.183Z","2018-04-14T14:39:01.282Z","2018-04-14T14:39:01.562Z","2018-04-14T14:39:04.182Z","9632520","2","2","3893.089","3676.534351145","1"
"236","video","2018-04-14T14:39:04.435Z","2018-04-14T14:39:03.988Z","2018-04-14T14:39:04.186Z","2018-04-14T14:39:04.434Z","1260368","2","0","1046.778","5082.1290322581","1"
"237","video","2018-04-14T14:39:05.136Z","2018-04-14T14:39:04.602Z","2018-04-14T14:39:04.621Z","2018-04-14T14:39:05.134Z","2389304","2","0","1046.778","4657.5126705653","1"
"238","video","2018-04-14T14:39:05.503Z","2018-04-14T14:39:04.615Z","2018-04-14T14:39:04.796Z","2018-04-14T14:39:05.500Z","2199600","2","0","1046.778","3124.4318181818","1"
"239","video","2018-04-14T14:39:06.720Z","2018-04-14T14:39:06.288Z","2018-04-14T14:39:06.312Z","2018-04-14T14:39:06.702Z","1935864","2","0","1046.778","4963.7538461538","1"
"240","video","2018-04-14T14:39:07.479Z","2018-04-14T14:39:06.995Z","2018-04-14T14:39:07.033Z","2018-04-14T14:39:07.477Z","1911544","2","0","1046.778","4305.2792792793","1"
"241","video","2018-04-14T14:39:07.685Z","2018-04-14T14:39:07.014Z","2018-04-14T14:39:07.129Z","2018-04-14T14:39:07.684Z","1341384","2","0","1046.778","2416.9081081081","1"
"242","video","2018-04-14T14:39:09.336Z","2018-04-14T14:39:08.767Z","2018-04-14T14:39:08.799Z","2018-04-14T14:39:09.334Z","2624744","2","1","1950.145","4906.0635514019","1"
"243","video","2018-04-14T14:39:12.808Z","2018-04-14T14:39:11.296Z","2018-04-14T14:39:11.335Z","2018-04-14T14:39:12.807Z","6447552","2","2","3893.089","4380.1304347826","1"
"244","video","2018-04-14T14:39:14.386Z","2018-04-14T14:39:13.798Z","2018-04-14T14:39:14.056Z","2018-04-14T14:39:14.382Z","1637992","2","0","1046.778","5024.5153374233","1"
"245","video","2018-04-14T14:39:16.996Z","2018-04-14T14:39:15.271Z","2018-04-14T14:39:15.303Z","2018-04-14T14:39:16.990Z","8388088","2","2","3893.089","4972.1920569058","1"
"246","video","2018-04-14T14:39:17.429Z","2018-04-14T14:39:16.269Z","2018-04-14T14:39:16.613Z","2018-04-14T14:39:17.420Z","1845680","2","0","1046.778","2287.0879801735","1"
"247","video","2018-04-14T14:39:18.970Z","2018-04-14T14:39:18.766Z","2018-04-14T14:39:18.800Z","2018-04-14T14:39:18.967Z","757320","2","0","1046.778","4534.8502994012","1"
"248","video","2018-04-14T14:39:19.819Z","2018-04-14T14:39:19.576Z","2018-04-14T14:39:19.619Z","2018-04-14T14:39:19.817Z","1053656","2","0","1046.778","5321.4949494949","1"
"249","video","2018-04-14T14:39:21.802Z","2018-04-14T14:39:21.269Z","2018-04-14T14:39:21.308Z","2018-04-14T14:39:21.801Z","1646328","2","1","1950.145","3339.4077079108","1"
"250","video","2018-04-14T14:39:22.410Z","2018-04-14T14:39:21.501Z","2018-04-14T14:39:21.818Z","2018-04-14T14:39:22.408Z","2673256","2","1","1950.145","4530.9423728814","1"
"251","video","2018-04-14T14:39:23.165Z","2018-04-14T14:39:21.841Z","2018-04-14T14:39:22.027Z","2018-04-14T14:39:23.164Z","3808416","2","1","1950.145","3349.5303430079","1"
"252","video","2018-04-14T14:39:24.747Z","2018-04-14T14:39:23.877Z","2018-04-14T14:39:23.945Z","2018-04-14T14:39:24.745Z","4120584","2","1","1950.145","5150.73","1"
"253","video","2018-04-14T14:39:27.660Z","2018-04-14T14:39:25.061Z","2018-04-14T14:39:25.143Z","2018-04-14T14:39:27.659Z","9276712","2","2","3893.089","3687.0874403816","1"
"254","video","2018-04-14T14:39:28.437Z","2018-04-14T14:39:25.015Z","2018-04-14T14:39:25.055Z","2018-04-14T14:39:28.436Z","8146056","2","2","3893.089","2409.3629103815","1"
"255","video","2018-04-14T14:39:29.997Z","2018-04-14T14:39:28.490Z","2018-04-14T14:39:28.518Z","2018-04-14T14:39:29.995Z","7330144","2","2","3893.089","4962.8598510494","1"
"256","video","2018-04-14T14:39:35.820Z","2018-04-14T14:39:33.807Z","2018-04-14T14:39:34.348Z","2018-04-14T14:39:35.818Z","7330816","2","2","3893.089","4986.9496598639","1"
"257","video","2018-04-14T14:39:37.114Z","2018-04-14T14:39:35.315Z","2018-04-14T14:39:35.846Z","2018-04-14T14:39:37.107Z","6768736","2","2","3893.089","5367.7525773196","1"
"258","video","2018-04-14T14:39:39.351Z","2018-04-14T14:39:38.751Z","2018-04-14T14:39:38.836Z","2018-04-14T14:39:39.348Z","2606536","2","0","1046.778","5090.890625","1"
"259","video","2018-04-14T14:39:41.535Z","2018-04-14T14:39:40.012Z","2018-04-14T14:39:40.067Z","2018-04-14T14:39:41.534Z","7456104","2","2","3893.089","5082.5521472393","1"
"260","video","2018-04-14T14:39:41.866Z","2018-04-14T14:39:40.032Z","2018-04-14T14:39:40.746Z","2018-04-14T14:39:41.857Z","1217912","2","0","1046.778","1096.2304230423","1"
"261","video","2018-04-14T14:39:42.339Z","2018-04-14T14:39:41.981Z","2018-04-14T14:39:42.016Z","2018-04-14T14:39:42.338Z","1646616","2","0","1046.778","5113.7142857143","1"
"262","video","2018-04-14T14:39:43.798Z","2018-04-14T14:39:43.092Z","2018-04-14T14:39:43.139Z","2018-04-14T14:39:43.785Z","2450040","2","0","1046.778","3792.6315789474","1"
"263","video","2018-04-14T14:39:44.138Z","2018-04-14T14:39:43.102Z","2018-04-14T14:39:43.251Z","2018-04-14T14:39:44.117Z","2018752","2","0","1046.778","2331.1224018476","1"
"264","video","2018-04-14T14:39:44.574Z","2018-04-14T14:39:44.008Z","2018-04-14T14:39:44.139Z","2018-04-14T14:39:44.568Z","2117056","2","0","1046.778","4934.8624708625","1"
"265","video","2018-04-14T14:39:45.296Z","2018-04-14T14:39:44.670Z","2018-04-14T14:39:44.795Z","2018-04-14T14:39:45.295Z","2304136","2","0","1046.778","4608.272","1"
"266","video","2018-04-14T14:39:45.647Z","2018-04-14T14:39:44.657Z","2018-04-14T14:39:44.695Z","2018-04-14T14:39:45.642Z","2775552","2","0","1046.778","2930.889123548","1"
"267","video","2018-04-14T14:39:47.362Z","2018-04-14T14:39:46.455Z","2018-04-14T14:39:46.481Z","2018-04-14T14:39:47.361Z","4466928","2","1","1950.145","5076.0545454545","1"
"268","video","2018-04-14T14:39:48.146Z","2018-04-14T14:39:47.425Z","2018-04-14T14:39:47.466Z","2018-04-14T14:39:48.144Z","3551944","2","1","1950.145","5238.8554572271","1"
"269","video","2018-04-14T14:39:48.936Z","2018-04-14T14:39:48.326Z","2018-04-14T14:39:48.364Z","2018-04-14T14:39:48.934Z","2491688","2","1","1950.145","4371.3824561404","1"
"270","video","2018-04-14T14:39:53.487Z","2018-04-14T14:39:51.251Z","2018-04-14T14:39:51.329Z","2018-04-14T14:39:53.486Z","5124480","2","1","1950.145","2375.7440890125","1"
"271","video","2018-04-14T14:39:57.386Z","2018-04-14T14:39:56.315Z","2018-04-14T14:39:56.686Z","2018-04-14T14:39:57.384Z","3439304","2","0","1046.778","4927.3696275072","1"
"272","video","2018-04-14T14:39:58.946Z","2018-04-14T14:39:58.135Z","2018-04-14T14:39:58.357Z","2018-04-14T14:39:58.945Z","2766352","2","0","1046.778","4704.6802721088","1"
"273","video","2018-04-14T14:39:59.344Z","2018-04-14T14:39:58.777Z","2018-04-14T14:39:58.962Z","2018-04-14T14:39:59.336Z","1776456","2","0","1046.778","4749.8823529412","1"
"274","video","2018-04-14T14:40:00.110Z","2018-04-14T14:39:59.485Z","2018-04-14T14:39:59.529Z","2018-04-14T14:40:00.107Z","2669072","2","0","1046.778","4617.7716262976","1"
"275","video","2018-04-14T14:40:01.966Z","2018-04-14T14:40:01.279Z","2018-04-14T14:40:01.318Z","2018-04-14T14:40:01.945Z","2719992","2","1","1950.145","4338.1052631579","1"
"276","video","2018-04-14T14:40:02.841Z","2018-04-14T14:40:02.021Z","2018-04-14T14:40:02.105Z","2018-04-14T14:40:02.839Z","3511728","2","1","1950.145","4784.3705722071","1"
"277","video","2018-04-14T14:40:04.415Z","2018-04-14T14:40:02.625Z","2018-04-14T14:40:02.788Z","2018-04-14T14:40:04.414Z","6281048","2","1","1950.145","3862.8831488315","1"
"278","video","2018-04-14T14:40:04.750Z","2018-04-14T14:40:03.261Z","2018-04-14T14:40:03.466Z","2018-04-14T14:40:04.749Z","2788568","2","1","1950.145","2173.4746687451","1"
"279","video","2018-04-14T14:40:07.196Z","2018-04-14T14:40:06.276Z","2018-04-14T14:40:06.335Z","2018-04-14T14:40:07.194Z","3822192","2","1","1950.145","4449.5832363213","1"
"280","video","2018-04-14T14:40:12.267Z","2018-04-14T14:40:11.254Z","2018-04-14T14:40:11.289Z","2018-04-14T14:40:12.266Z","5089864","2","2","3893.089","5209.6867963153","1"
"281","video","2018-04-14T14:40:13.316Z","2018-04-14T14:40:12.113Z","2018-04-14T14:40:12.315Z","2018-04-14T14:40:13.314Z","3651240","2","2","3893.089","3654.8948948949","1"
"282","video","2018-04-14T14:40:17.628Z","2018-04-14T14:40:12.430Z","2018-04-14T14:40:12.612Z","2018-04-14T14:40:17.610Z","12073704","2","2","3893.089","2415.7070828331","1"
"283","video","2018-04-14T14:40:17.708Z","2018-04-14T14:40:13.410Z","2018-04-14T14:40:13.524Z","2018-04-14T14:40:17.682Z","10009432","2","2","3893.089","2407.2708032708","1"
"284","video","2018-04-14T14:40:18.931Z","2018-04-14T14:40:18.029Z","2018-04-14T14:40:18.079Z","2018-04-14T14:40:18.927Z","4267184","2","2","3893.089","5032.0566037736","1"
"285","video","2018-04-14T14:40:26.215Z","2018-04-14T14:40:24.639Z","2018-04-14T14:40:24.776Z","2018-04-14T14:40:26.213Z","3915664","2","2","3893.089","2724.8879610299","1"
"286","video","2018-04-14T14:40:27.585Z","2018-04-14T14:40:23.791Z","2018-04-14T14:40:24.274Z","2018-04-14T14:40:27.583Z","12536304","2","2","3893.089","3788.5475974615","1"
"287","video","2018-04-14T14:40:30.826Z","2018-04-14T14:40:28.851Z","2018-04-14T14:40:28.929Z","2018-04-14T14:40:30.817Z","9506552","2","2","3893.089","5035.25","1"
"288","video","2018-04-14T14:40:33.945Z","2018-04-14T14:40:33.747Z","2018-04-14T14:40:33.778Z","2018-04-14T14:40:33.944Z","969480","2","0","1046.778","5840.2409638554","1"
"289","video","2018-04-14T14:40:36.034Z","2018-04-14T14:40:35.635Z","2018-04-14T14:40:35.662Z","2018-04-14T14:40:36.033Z","1655864","2","0","1046.778","4463.2452830189","1"
"290","video","2018-04-14T14:40:36.418Z","2018-04-14T14:40:35.664Z","2018-04-14T14:40:35.740Z","2018-04-14T14:40:36.416Z","1712320","2","0","1046.778","2533.0177514793","1"
"291","video","2018-04-14T14:40:36.589Z","2018-04-14T14:40:36.349Z","2018-04-14T14:40:36.435Z","2018-04-14T14:40:36.588Z","711912","2","0","1046.778","4653.0196078431","1"
"292","video","2018-04-14T14:40:37.159Z","2018-04-14T14:40:36.721Z","2018-04-14T14:40:36.759Z","2018-04-14T14:40:37.154Z","1789776","2","0","1046.778","4531.0784810127","1"
"293","video","2018-04-14T14:40:39.279Z","2018-04-14T14:40:36.731Z","2018-04-14T14:40:36.847Z","2018-04-14T14:40:39.277Z","10460160","2","2","3893.089","4304.5925925926","1"
"294","video","2018-04-14T14:40:39.560Z","2018-04-14T14:40:38.799Z","2018-04-14T14:40:38.989Z","2018-04-14T14:40:39.552Z","1894808","2","0","1046.778","3365.5559502664","1"
"295","video","2018-04-14T14:40:41.456Z","2018-04-14T14:40:41.275Z","2018-04-14T14:40:41.308Z","2018-04-14T14:40:41.450Z","726904","2","0","1046.778","5119.0422535211","1"
"296","video","2018-04-14T14:40:42.679Z","2018-04-14T14:40:41.839Z","2018-04-14T14:40:41.984Z","2018-04-14T14:40:42.675Z","3411648","2","0","1046.778","4937.2619392185","1"
"297","video","2018-04-14T14:40:43.269Z","2018-04-14T14:40:41.933Z","2018-04-14T14:40:42.183Z","2018-04-14T14:40:43.267Z","3404856","2","0","1046.778","3141.0110701107","1"
"298","video","2018-04-14T14:40:44.577Z","2018-04-14T14:40:43.764Z","2018-04-14T14:40:43.798Z","2018-04-14T14:40:44.576Z","3498408","2","0","1046.778","4496.6683804627","1"
"299","video","2018-04-14T14:40:45.460Z","2018-04-14T14:40:44.849Z","2018-04-14T14:40:44.878Z","2018-04-14T14:40:45.459Z","2236232","2","0","1046.778","3848.9363166954","1"
"300","video","2018-04-14T14:40:45.646Z","2018-04-14T14:40:44.872Z","2018-04-14T14:40:45.016Z","2018-04-14T14:40:45.644Z","1706064","2","0","1046.778","2716.6624203822","1"
"301","video","2018-04-14T14:40:45.916Z","2018-04-14T14:40:45.664Z","2018-04-14T14:40:45.697Z","2018-04-14T14:40:45.914Z","1080120","2","0","1046.778","4977.5115207373","1"
"302","video","2018-04-14T14:40:50.027Z","2018-04-14T14:40:48.797Z","2018-04-14T14:40:48.831Z","2018-04-14T14:40:50.025Z","3863440","2","1","1950.145","3235.7118927973","1"
"303","video","2018-04-14T14:40:50.269Z","2018-04-14T14:40:49.016Z","2018-04-14T14:40:49.134Z","2018-04-14T14:40:50.266Z","3271296","2","1","1950.145","2889.8374558304","1"
"304","video","2018-04-14T14:40:54.967Z","2018-04-14T14:40:53.729Z","2018-04-14T14:40:53.750Z","2018-04-14T14:40:54.965Z","5163976","2","1","1950.145","4250.1860082305","1"
"305","video","2018-04-14T14:40:56.779Z","2018-04-14T14:40:56.308Z","2018-04-14T14:40:56.397Z","2018-04-14T14:40:56.778Z","1930656","2","0","1046.778","5067.3385826772","1"
"306","video","2018-04-14T14:40:57.855Z","2018-04-14T14:40:57.543Z","2018-04-14T14:40:57.601Z","2018-04-14T14:40:57.853Z","1342272","2","0","1046.778","5326.4761904762","1"
"307","video","2018-04-14T14:40:58.130Z","2018-04-14T14:40:57.928Z","2018-04-14T14:40:57.963Z","2018-04-14T14:40:58.128Z","891760","2","0","1046.778","5404.6060606061","1"
"308","video","2018-04-14T14:40:59.809Z","2018-04-14T14:40:58.790Z","2018-04-14T14:40:58.811Z","2018-04-14T14:40:59.795Z","3160400","2","1","1950.145","3211.7886178862","1"
"309","video","2018-04-14T14:41:00.339Z","2018-04-14T14:40:58.974Z","2018-04-14T14:40:59.183Z","2018-04-14T14:41:00.334Z","3474720","2","1","1950.145","3018.8705473501","1"
"310","video","2018-04-14T14:41:04.776Z","2018-04-14T14:41:03.773Z","2018-04-14T14:41:03.809Z","2018-04-14T14:41:04.775Z","2863120","2","1","1950.145","2963.8923395445","1"
"311","video","2018-04-14T14:41:05.907Z","2018-04-14T14:41:04.928Z","2018-04-14T14:41:05.277Z","2018-04-14T14:41:05.899Z","1354992","2","0","1046.778","2178.4437299035","1"
"312","video","2018-04-14T14:41:05.911Z","2018-04-14T14:41:03.814Z","2018-04-14T14:41:03.946Z","2018-04-14T14:41:05.910Z","6374736","2","2","3893.089","3245.7922606925","1"
"313","video","2018-04-14T14:41:06.808Z","2018-04-14T14:41:06.271Z","2018-04-14T14:41:06.312Z","2018-04-14T14:41:06.804Z","2075112","2","0","1046.778","4217.7073170732","1"
"314","video","2018-04-14T14:41:08.614Z","2018-04-14T14:41:08.288Z","2018-04-14T14:41:08.314Z","2018-04-14T14:41:08.608Z","1557072","2","0","1046.778","5296.1632653061","1"
"315","video","2018-04-14T14:41:11.659Z","2018-04-14T14:41:11.261Z","2018-04-14T14:41:11.295Z","2018-04-14T14:41:11.657Z","1845640","2","0","1046.778","5098.453038674","1"
"316","video","2018-04-14T14:41:12.080Z","2018-04-14T14:41:11.561Z","2018-04-14T14:41:11.713Z","2018-04-14T14:41:12.078Z","1964792","2","0","1046.778","5382.9917808219","1"
"317","video","2018-04-14T14:41:14.236Z","2018-04-14T14:41:13.794Z","2018-04-14T14:41:13.812Z","2018-04-14T14:41:14.235Z","2118272","2","0","1046.778","5007.7352245863","1"
"318","video","2018-04-14T14:41:16.804Z","2018-04-14T14:41:16.281Z","2018-04-14T14:41:16.321Z","2018-04-14T14:41:16.795Z","2475208","2","0","1046.778","5221.9578059072","1"
"319","video","2018-04-14T14:41:19.199Z","2018-04-14T14:41:18.768Z","2018-04-14T14:41:18.804Z","2018-04-14T14:41:19.197Z","2074264","2","0","1046.778","5278.0254452926","1"
"320","video","2018-04-14T14:41:19.780Z","2018-04-14T14:41:19.264Z","2018-04-14T14:41:19.296Z","2018-04-14T14:41:19.776Z","2095696","2","0","1046.778","4366.0333333333","1"
"321","video","2018-04-14T14:41:22.216Z","2018-04-14T14:41:21.292Z","2018-04-14T14:41:21.319Z","2018-04-14T14:41:22.211Z","3999992","2","1","1950.145","4484.2959641256","1"
"322","video","2018-04-14T14:41:23.080Z","2018-04-14T14:41:21.793Z","2018-04-14T14:41:22.253Z","2018-04-14T14:41:23.078Z","4151944","2","1","1950.145","5032.6593939394","1"
"323","video","2018-04-14T14:41:24.226Z","2018-04-14T14:41:22.330Z","2018-04-14T14:41:22.962Z","2018-04-14T14:41:24.215Z","3913192","2","1","1950.145","3123.0582601756","1"
"324","video","2018-04-14T14:41:24.714Z","2018-04-14T14:41:23.230Z","2018-04-14T14:41:23.381Z","2018-04-14T14:41:24.709Z","4019072","2","1","1950.145","3026.4096385542","1"
"325","video","2018-04-14T14:41:27.118Z","2018-04-14T14:41:26.256Z","2018-04-14T14:41:26.296Z","2018-04-14T14:41:27.116Z","4051688","2","1","1950.145","4941.0829268293","1"
"326","video","2018-04-14T14:41:30.194Z","2018-04-14T14:41:27.634Z","2018-04-14T14:41:27.810Z","2018-04-14T14:41:30.191Z","8208752","2","2","3893.089","3447.6068878622","1"
"327","video","2018-04-14T14:41:31.088Z","2018-04-14T14:41:27.585Z","2018-04-14T14:41:27.623Z","2018-04-14T14:41:31.087Z","8037080","2","2","3893.089","2320.1732101617","1"
"328","video","2018-04-14T14:41:32.890Z","2018-04-14T14:41:31.315Z","2018-04-14T14:41:31.358Z","2018-04-14T14:41:32.889Z","7706096","2","2","3893.089","5033.3742651862","1"
"329","video","2018-04-14T14:41:36.803Z","2018-04-14T14:41:36.295Z","2018-04-14T14:41:36.389Z","2018-04-14T14:41:36.802Z","2025048","2","0","1046.778","4903.2639225182","1"
"330","video","2018-04-14T14:41:41.105Z","2018-04-14T14:41:37.827Z","2018-04-14T14:41:37.953Z","2018-04-14T14:41:41.096Z","7908792","2","2","3893.089","2516.3194400255","1"
"331","video","2018-04-14T14:41:41.341Z","2018-04-14T14:41:37.830Z","2018-04-14T14:41:37.997Z","2018-04-14T14:41:41.339Z","8319904","2","2","3893.089","2489.4985038899","1"
"332","video","2018-04-14T14:41:41.712Z","2018-04-14T14:41:41.275Z","2018-04-14T14:41:41.358Z","2018-04-14T14:41:41.710Z","1937504","2","0","1046.778","5504.2727272727","1"
"333","video","2018-04-14T14:41:46.805Z","2018-04-14T14:41:46.256Z","2018-04-14T14:41:46.294Z","2018-04-14T14:41:46.797Z","2150800","2","0","1046.778","4275.944333996","1"
"334","video","2018-04-14T14:41:47.528Z","2018-04-14T14:41:46.998Z","2018-04-14T14:41:47.110Z","2018-04-14T14:41:47.527Z","1973136","2","0","1046.778","4731.7410071942","1"
"335","video","2018-04-14T14:41:47.598Z","2018-04-14T14:41:46.640Z","2018-04-14T14:41:46.810Z","2018-04-14T14:41:47.597Z","2027416","2","0","1046.778","2576.1321473952","1"
"336","video","2018-04-14T14:41:49.379Z","2018-04-14T14:41:48.910Z","2018-04-14T14:41:49.010Z","2018-04-14T14:41:49.377Z","1997000","2","0","1046.778","5441.416893733","1"
"337","video","2018-04-14T14:41:50.246Z","2018-04-14T14:41:49.707Z","2018-04-14T14:41:49.760Z","2018-04-14T14:41:50.245Z","1871896","2","0","1046.778","3859.5793814433","1"
"338","video","2018-04-14T14:41:50.512Z","2018-04-14T14:41:49.698Z","2018-04-14T14:41:49.719Z","2018-04-14T14:41:50.510Z","2086968","2","0","1046.778","2638.391908976","1"
"339","video","2018-04-14T14:41:54.117Z","2018-04-14T14:41:53.729Z","2018-04-14T14:41:53.778Z","2018-04-14T14:41:54.115Z","1920920","2","0","1046.778","5700.059347181","1"
"340","video","2018-04-14T14:41:55.436Z","2018-04-14T14:41:54.979Z","2018-04-14T14:41:55.011Z","2018-04-14T14:41:55.434Z","1918176","2","0","1046.778","4534.695035461","1"
"341","video","2018-04-14T14:41:55.499Z","2018-04-14T14:41:54.982Z","2018-04-14T14:41:55.438Z","2018-04-14T14:41:55.473Z","1918176","2","0","1046.778","54805.028571429","1"
"342","video","2018-04-14T14:41:57.207Z","2018-04-14T14:41:56.294Z","2018-04-14T14:41:56.339Z","2018-04-14T14:41:57.206Z","4249920","2","1","1950.145","4901.8685121107","1"
"343","video","2018-04-14T14:41:58.039Z","2018-04-14T14:41:56.376Z","2018-04-14T14:41:56.822Z","2018-04-14T14:41:58.038Z","4195072","2","1","1950.145","3449.8947368421","1"
"344","video","2018-04-14T14:42:00.658Z","2018-04-14T14:41:58.798Z","2018-04-14T14:41:59.382Z","2018-04-14T14:42:00.656Z","4072296","2","1","1950.145","3196.464678179","1"
"345","video","2018-04-14T14:42:02.760Z","2018-04-14T14:42:01.320Z","2018-04-14T14:42:02.049Z","2018-04-14T14:42:02.758Z","2058048","2","0","1046.778","2902.7475317348","1"
"346","video","2018-04-14T14:42:04.161Z","2018-04-14T14:42:01.357Z","2018-04-14T14:42:02.155Z","2018-04-14T14:42:04.160Z","8105520","2","2","3893.089","4042.6533665835","1"
"347","video","2018-04-14T14:42:04.558Z","2018-04-14T14:42:03.794Z","2018-04-14T14:42:03.973Z","2018-04-14T14:42:04.557Z","2033304","2","0","1046.778","3481.6849315068","1"
"348","video","2018-04-14T14:42:04.943Z","2018-04-14T14:42:04.506Z","2018-04-14T14:42:04.572Z","2018-04-14T14:42:04.941Z","2005792","2","0","1046.778","5435.7506775068","1"
"349","video","2018-04-14T14:42:09.311Z","2018-04-14T14:42:08.896Z","2018-04-14T14:42:08.942Z","2018-04-14T14:42:09.309Z","1978888","2","0","1046.778","5392.0653950954","1"
"350","video","2018-04-14T14:42:09.723Z","2018-04-14T14:42:09.269Z","2018-04-14T14:42:09.327Z","2018-04-14T14:42:09.712Z","2054512","2","0","1046.778","5336.3948051948","1"
"351","video","2018-04-14T14:42:10.158Z","2018-04-14T14:42:09.643Z","2018-04-14T14:42:09.725Z","2018-04-14T14:42:10.157Z","2159544","2","0","1046.778","4998.9444444444","1"
"352","video","2018-04-14T14:42:12.199Z","2018-04-14T14:42:11.278Z","2018-04-14T14:42:11.328Z","2018-04-14T14:42:12.197Z","4166952","2","1","1950.145","4795.1116225547","1"
"353","video","2018-04-14T14:42:13.456Z","2018-04-14T14:42:12.210Z","2018-04-14T14:42:12.340Z","2018-04-14T14:42:13.455Z","4002456","2","1","1950.145","3589.6466367713","1"
"354","video","2018-04-14T14:42:18.324Z","2018-04-14T14:42:16.305Z","2018-04-14T14:42:16.346Z","2018-04-14T14:42:18.322Z","8062240","2","2","3893.089","4080.0809716599","1"
"355","video","2018-04-14T14:42:18.473Z","2018-04-14T14:42:17.421Z","2018-04-14T14:42:17.675Z","2018-04-14T14:42:18.472Z","1939648","2","0","1046.778","2433.6863237139","1"
"356","video","2018-04-14T14:42:19.368Z","2018-04-14T14:42:18.574Z","2018-04-14T14:42:18.786Z","2018-04-14T14:42:19.367Z","2043200","2","0","1046.778","3516.6953528399","1"
"357","video","2018-04-14T14:42:19.764Z","2018-04-14T14:42:18.485Z","2018-04-14T14:42:18.517Z","2018-04-14T14:42:19.745Z","4157536","2","1","1950.145","3385.6156351792","1"
"358","video","2018-04-14T14:42:21.662Z","2018-04-14T14:42:21.275Z","2018-04-14T14:42:21.289Z","2018-04-14T14:42:21.660Z","1962368","2","0","1046.778","5289.4016172507","1"
"359","video","2018-04-14T14:42:22.917Z","2018-04-14T14:42:22.524Z","2018-04-14T14:42:22.544Z","2018-04-14T14:42:22.913Z","1957792","2","0","1046.778","5305.6693766938","1"
"360","video","2018-04-14T14:42:27.162Z","2018-04-14T14:42:26.277Z","2018-04-14T14:42:26.308Z","2018-04-14T14:42:27.160Z","3715392","2","1","1950.145","4360.7887323944","1"
"361","video","2018-04-14T14:42:27.436Z","2018-04-14T14:42:26.647Z","2018-04-14T14:42:26.813Z","2018-04-14T14:42:27.426Z","1748040","2","0","1046.778","2851.6150081566","1"
"362","video","2018-04-14T14:42:29.278Z","2018-04-14T14:42:28.855Z","2018-04-14T14:42:28.922Z","2018-04-14T14:42:29.276Z","1854344","2","0","1046.778","5238.2598870056","1"
"363","video","2018-04-14T14:42:29.747Z","2018-04-14T14:42:29.470Z","2018-04-14T14:42:29.504Z","2018-04-14T14:42:29.746Z","1233744","2","0","1046.778","5098.1157024793","1"
"364","video","2018-04-14T14:42:30.170Z","2018-04-14T14:42:29.829Z","2018-04-14T14:42:29.863Z","2018-04-14T14:42:30.164Z","1607112","2","0","1046.778","5339.2425249169","1"
"365","video","2018-04-14T14:42:34.444Z","2018-04-14T14:42:33.771Z","2018-04-14T14:42:33.798Z","2018-04-14T14:42:34.443Z","3153120","2","1","1950.145","4888.5581395349","1"
"366","video","2018-04-14T14:42:34.636Z","2018-04-14T14:42:34.072Z","2018-04-14T14:42:34.226Z","2018-04-14T14:42:34.635Z","1394984","2","0","1046.778","3410.7188264059","1"
"367","video","2018-04-14T14:42:36.676Z","2018-04-14T14:42:36.286Z","2018-04-14T14:42:36.322Z","2018-04-14T14:42:36.674Z","1849840","2","0","1046.778","5255.2272727273","1"
"368","video","2018-04-14T14:42:36.999Z","2018-04-14T14:42:36.697Z","2018-04-14T14:42:36.731Z","2018-04-14T14:42:36.995Z","1384696","2","0","1046.778","5245.0606060606","1"
"369","video","2018-04-14T14:42:41.862Z","2018-04-14T14:42:41.299Z","2018-04-14T14:42:41.337Z","2018-04-14T14:42:41.860Z","2835168","2","1","1950.145","5420.9713193117","1"
"370","video","2018-04-14T14:42:41.954Z","2018-04-14T14:42:41.569Z","2018-04-14T14:42:41.864Z","2018-04-14T14:42:41.953Z","355632","2","0","1046.778","3995.8651685393","1"
"371","video","2018-04-14T14:42:46.608Z","2018-04-14T14:42:46.256Z","2018-04-14T14:42:46.287Z","2018-04-14T14:42:46.606Z","1234536","2","0","1046.778","3870.0188087774","1"
"372","video","2018-04-14T14:42:46.825Z","2018-04-14T14:42:46.353Z","2018-04-14T14:42:46.624Z","2018-04-14T14:42:46.821Z","1030264","2","0","1046.778","5229.7664974619","1"
"373","video","2018-04-14T14:42:47.177Z","2018-04-14T14:42:46.782Z","2018-04-14T14:42:47.035Z","2018-04-14T14:42:47.176Z","672808","2","0","1046.778","4771.6879432624","1"
"374","video","2018-04-14T14:42:47.459Z","2018-04-14T14:42:47.117Z","2018-04-14T14:42:47.194Z","2018-04-14T14:42:47.457Z","1483416","2","0","1046.778","5640.3650190114","1"
"375","video","2018-04-14T14:42:49.853Z","2018-04-14T14:42:48.813Z","2018-04-14T14:42:48.835Z","2018-04-14T14:42:49.846Z","4193720","2","1","1950.145","4148.0909990109","1"
"376","video","2018-04-14T14:42:50.396Z","2018-04-14T14:42:49.078Z","2018-04-14T14:42:49.205Z","2018-04-14T14:42:50.392Z","4219640","2","1","1950.145","3554.8778433024","1"
